"0"," "
"0","# Define column names"
"0","column_names <- c(""Albumin_3.5"", ""LMR_2.1"", ""MON_0.8"", ""LY_1.5"", ""ANC_4"", ""ANC_8"", ""NLR_3"", ""NLR_5"", ""PLT_300"", ""Alk_Phos_135"", ""Alk_Phos_200"", ""Age_60"", ""Age_65"", ""Age_70"", ""Prognostic_Score_ALAN_category"")"
"0",""
"0","# Initialize an empty data frame to store log-rank test results for Resistant Pancreatic Cancer"
"0","log_rank_results_df_resistant <- data.frame("
"0","  variable = character(),"
"0","  cutoff = numeric(),"
"0","  logrank_statistic = numeric(),"
"0","  logrank_p_value = numeric(),"
"0","  stringsAsFactors = FALSE"
"0",")"
"0",""
"0","# Loop through variables for resistant Pancreatic Cancer"
"0","for (col in column_names) {"
"0","  if (grepl(""^Prognostic_Score_ALAN_Category"", col)) {"
"0","    # Treat categorical variable as a factor"
"0","    formula <- as.formula(paste(""surv_obj_resistant ~ factor("", col, "")""))"
"0","    "
"0","    # Perform log-rank test"
"0","    resistant_logrank <- survdiff(formula, data = resistant_df)"
"0","    "
"0","    # Store log-rank test results in data frame"
"0","    log_rank_results_df_resistant <- rbind(log_rank_results_df_resistant, data.frame("
"0","      variable = col,"
"0","      cutoff = ""N/A"","
"0","      logrank_statistic = resistant_logrank$chisq,"
"0","      logrank_p_value = 1 - pchisq(resistant_logrank$chisq, df = 1),"
"0","      stringsAsFactors = FALSE"
"0","    ))"
"0","    "
"0","    # Print log-rank test information for Resistant Pancreatic Cancer"
"0","    cat(rep(""-"", 20), ""\n"")"
"0","    cat(""Log-rank tests for Resistant Pancreatic Cancer -"", col, ""\n"")"
"0","    cat(rep(""-"", 20), ""\n"")"
"0","    print(resistant_logrank)"
"0","  } else {"
"0","    # Extract cutoff from column name using regular expression"
"0","    cutoff <- as.numeric(sub(""^.*_(\\d+(\\.\\d+)?)$"", ""\\1"", col))"
"0","    formula <- as.formula(paste(""surv_obj_resistant ~"", col))"
"0","  "
"0","    # Perform log-rank test"
"0","    resistant_logrank <- survdiff(formula, data = resistant_df)"
"0","  "
"0","    # Store log-rank test results in data frame"
"0","    log_rank_results_df_resistant <- rbind(log_rank_results_df_resistant, data.frame("
"0","      variable = col,"
"0","      cutoff = cutoff,"
"0","      logrank_statistic = resistant_logrank$chisq,"
"0","      logrank_p_value = 1 - pchisq(resistant_logrank$chisq, df = 1),"
"0","      stringsAsFactors = FALSE"
"0","    ))"
"0","  "
"0","    # Print log-rank test information for Resistant Pancreatic Cancer"
"0","    cat(rep(""-"", 20), ""\n"")"
"0","    cat(""Log-rank tests for Resistant Pancreatic Cancer -"", col, ""\n"")"
"0","    cat(rep(""-"", 20), ""\n"")"
"0","    print(resistant_logrank)"
"0","  }"
"0","}"
"1","-"
"1"," "
"1","-"
"1"," "
"1","-"
"1"," "
"1","-"
"1"," "
"1","-"
"1"," "
"1","-"
"1"," "
"1","-"
"1"," "
"1","-"
"1"," "
"1","-"
"1"," "
"1","-"
"1"," "
"1","-"
"1"," "
"1","-"
"1"," "
"1","-"
"1"," "
"1","-"
"1"," "
"1","-"
"1"," "
"1","-"
"1"," "
"1","-"
"1"," "
"1","-"
"1"," "
"1","-"
"1"," "
"1","-"
"1"," "
"1","
"
"1","Log-rank tests for Resistant Pancreatic Cancer -"
"1"," "
"1","Albumin_3.5"
"1"," "
"1","
"
"1","-"
"1"," "
"1","-"
"1"," "
"1","-"
"1"," "
"1","-"
"1"," "
"1","-"
"1"," "
"1","-"
"1"," "
"1","-"
"1"," "
"1","-"
"1"," "
"1","-"
"1"," "
"1","-"
"1"," "
"1","-"
"1"," "
"1","-"
"1"," "
"1","-"
"1"," "
"1","-"
"1"," "
"1","-"
"1"," "
"1","-"
"1"," "
"1","-"
"1"," "
"1","-"
"1"," "
"1","-"
"1"," "
"1","-"
"1"," "
"1","
"
"1","Call:
"
"1","survdiff(formula = formula, data = resistant_df)
"
"1","
"
"1","                  "
"1","  N"
"1"," Observed"
"1"," Expected"
"1"," (O-E)^2/E"
"1"," (O-E)^2/V"
"1","
Albumin_3.5=< 3.5 "
"1"," 16"
"1","       11"
"1","     4.04"
"1","     11.99"
"1","        14"
"1","
Albumin_3.5=>= 3.5"
"1"," 37"
"1","       23"
"1","    29.96"
"1","      1.62"
"1","        14"
"1","
"
"1","
 Chisq="
"1"," "
"1","14"
"1"," "
"1"," on"
"1"," "
"1","1"
"1"," "
"1","degrees of freedom, p="
"1"," "
"1","2e-04"
"1"," "
"1","
"
"1","-"
"1"," "
"1","-"
"1"," "
"1","-"
"1"," "
"1","-"
"1"," "
"1","-"
"1"," "
"1","-"
"1"," "
"1","-"
"1"," "
"1","-"
"1"," "
"1","-"
"1"," "
"1","-"
"1"," "
"1","-"
"1"," "
"1","-"
"1"," "
"1","-"
"1"," "
"1","-"
"1"," "
"1","-"
"1"," "
"1","-"
"1"," "
"1","-"
"1"," "
"1","-"
"1"," "
"1","-"
"1"," "
"1","-"
"1"," "
"1","
"
"1","Log-rank tests for Resistant Pancreatic Cancer -"
"1"," "
"1","LMR_2.1"
"1"," "
"1","
"
"1","-"
"1"," "
"1","-"
"1"," "
"1","-"
"1"," "
"1","-"
"1"," "
"1","-"
"1"," "
"1","-"
"1"," "
"1","-"
"1"," "
"1","-"
"1"," "
"1","-"
"1"," "
"1","-"
"1"," "
"1","-"
"1"," "
"1","-"
"1"," "
"1","-"
"1"," "
"1","-"
"1"," "
"1","-"
"1"," "
"1","-"
"1"," "
"1","-"
"1"," "
"1","-"
"1"," "
"1","-"
"1"," "
"1","-"
"1"," "
"1","
"
"1","Call:
"
"1","survdiff(formula = formula, data = resistant_df)
"
"1","
"
"1","              "
"1","  N"
"1"," Observed"
"1"," Expected"
"1"," (O-E)^2/E"
"1"," (O-E)^2/V"
"1","
LMR_2.1=< 2.1 "
"1"," 10"
"1","        5"
"1","     2.45"
"1","     2.643"
"1","      2.92"
"1","
LMR_2.1=>= 2.1"
"1"," 43"
"1","       29"
"1","    31.55"
"1","     0.206"
"1","      2.92"
"1","
"
"1","
 Chisq="
"1"," "
"1","2.9"
"1"," "
"1"," on"
"1"," "
"1","1"
"1"," "
"1","degrees of freedom, p="
"1"," "
"1","0.09"
"1"," "
"1","
"
"1","-"
"1"," "
"1","-"
"1"," "
"1","-"
"1"," "
"1","-"
"1"," "
"1","-"
"1"," "
"1","-"
"1"," "
"1","-"
"1"," "
"1","-"
"1"," "
"1","-"
"1"," "
"1","-"
"1"," "
"1","-"
"1"," "
"1","-"
"1"," "
"1","-"
"1"," "
"1","-"
"1"," "
"1","-"
"1"," "
"1","-"
"1"," "
"1","-"
"1"," "
"1","-"
"1"," "
"1","-"
"1"," "
"1","-"
"1"," "
"1","
"
"1","Log-rank tests for Resistant Pancreatic Cancer -"
"1"," "
"1","MON_0.8"
"1"," "
"1","
"
"1","-"
"1"," "
"1","-"
"1"," "
"1","-"
"1"," "
"1","-"
"1"," "
"1","-"
"1"," "
"1","-"
"1"," "
"1","-"
"1"," "
"1","-"
"1"," "
"1","-"
"1"," "
"1","-"
"1"," "
"1","-"
"1"," "
"1","-"
"1"," "
"1","-"
"1"," "
"1","-"
"1"," "
"1","-"
"1"," "
"1","-"
"1"," "
"1","-"
"1"," "
"1","-"
"1"," "
"1","-"
"1"," "
"1","-"
"1"," "
"1","
"
"1","Call:
"
"1","survdiff(formula = formula, data = resistant_df)
"
"1","
"
"1","              "
"1","  N"
"1"," Observed"
"1"," Expected"
"1"," (O-E)^2/E"
"1"," (O-E)^2/V"
"1","
MON_0.8=< 0.8 "
"1"," 47"
"1","       30"
"1","    32.23"
"1","     0.154"
"1","         3"
"1","
MON_0.8=>= 0.8"
"1","  6"
"1","        4"
"1","     1.77"
"1","     2.797"
"1","         3"
"1","
"
"1","
 Chisq="
"1"," "
"1","3"
"1"," "
"1"," on"
"1"," "
"1","1"
"1"," "
"1","degrees of freedom, p="
"1"," "
"1","0.08"
"1"," "
"1","
"
"1","-"
"1"," "
"1","-"
"1"," "
"1","-"
"1"," "
"1","-"
"1"," "
"1","-"
"1"," "
"1","-"
"1"," "
"1","-"
"1"," "
"1","-"
"1"," "
"1","-"
"1"," "
"1","-"
"1"," "
"1","-"
"1"," "
"1","-"
"1"," "
"1","-"
"1"," "
"1","-"
"1"," "
"1","-"
"1"," "
"1","-"
"1"," "
"1","-"
"1"," "
"1","-"
"1"," "
"1","-"
"1"," "
"1","-"
"1"," "
"1","
"
"1","Log-rank tests for Resistant Pancreatic Cancer -"
"1"," "
"1","LY_1.5"
"1"," "
"1","
"
"1","-"
"1"," "
"1","-"
"1"," "
"1","-"
"1"," "
"1","-"
"1"," "
"1","-"
"1"," "
"1","-"
"1"," "
"1","-"
"1"," "
"1","-"
"1"," "
"1","-"
"1"," "
"1","-"
"1"," "
"1","-"
"1"," "
"1","-"
"1"," "
"1","-"
"1"," "
"1","-"
"1"," "
"1","-"
"1"," "
"1","-"
"1"," "
"1","-"
"1"," "
"1","-"
"1"," "
"1","-"
"1"," "
"1","-"
"1"," "
"1","
"
"1","Call:
"
"1","survdiff(formula = formula, data = resistant_df)
"
"1","
"
"1","             "
"1","  N"
"1"," Observed"
"1"," Expected"
"1"," (O-E)^2/E"
"1"," (O-E)^2/V"
"1","
LY_1.5=< 1.5 "
"1"," 29"
"1","       18"
"1","     14.3"
"1","     0.966"
"1","       1.7"
"1","
LY_1.5=>= 1.5"
"1"," 24"
"1","       16"
"1","     19.7"
"1","     0.700"
"1","       1.7"
"1","
"
"1","
 Chisq="
"1"," "
"1","1.7"
"1"," "
"1"," on"
"1"," "
"1","1"
"1"," "
"1","degrees of freedom, p="
"1"," "
"1","0.2"
"1"," "
"1","
"
"1","-"
"1"," "
"1","-"
"1"," "
"1","-"
"1"," "
"1","-"
"1"," "
"1","-"
"1"," "
"1","-"
"1"," "
"1","-"
"1"," "
"1","-"
"1"," "
"1","-"
"1"," "
"1","-"
"1"," "
"1","-"
"1"," "
"1","-"
"1"," "
"1","-"
"1"," "
"1","-"
"1"," "
"1","-"
"1"," "
"1","-"
"1"," "
"1","-"
"1"," "
"1","-"
"1"," "
"1","-"
"1"," "
"1","-"
"1"," "
"1","
"
"1","Log-rank tests for Resistant Pancreatic Cancer -"
"1"," "
"1","ANC_4"
"1"," "
"1","
"
"1","-"
"1"," "
"1","-"
"1"," "
"1","-"
"1"," "
"1","-"
"1"," "
"1","-"
"1"," "
"1","-"
"1"," "
"1","-"
"1"," "
"1","-"
"1"," "
"1","-"
"1"," "
"1","-"
"1"," "
"1","-"
"1"," "
"1","-"
"1"," "
"1","-"
"1"," "
"1","-"
"1"," "
"1","-"
"1"," "
"1","-"
"1"," "
"1","-"
"1"," "
"1","-"
"1"," "
"1","-"
"1"," "
"1","-"
"1"," "
"1","
"
"1","Call:
"
"1","survdiff(formula = formula, data = resistant_df)
"
"1","
"
"1","          "
"1","  N"
"1"," Observed"
"1"," Expected"
"1"," (O-E)^2/E"
"1"," (O-E)^2/V"
"1","
ANC_4=< 4 "
"1"," 14"
"1","        8"
"1","     12.4"
"1","     1.541"
"1","      2.61"
"1","
ANC_4=>= 4"
"1"," 39"
"1","       26"
"1","     21.6"
"1","     0.881"
"1","      2.61"
"1","
"
"1","
 Chisq="
"1"," "
"1","2.6"
"1"," "
"1"," on"
"1"," "
"1","1"
"1"," "
"1","degrees of freedom, p="
"1"," "
"1","0.1"
"1"," "
"1","
"
"1","-"
"1"," "
"1","-"
"1"," "
"1","-"
"1"," "
"1","-"
"1"," "
"1","-"
"1"," "
"1","-"
"1"," "
"1","-"
"1"," "
"1","-"
"1"," "
"1","-"
"1"," "
"1","-"
"1"," "
"1","-"
"1"," "
"1","-"
"1"," "
"1","-"
"1"," "
"1","-"
"1"," "
"1","-"
"1"," "
"1","-"
"1"," "
"1","-"
"1"," "
"1","-"
"1"," "
"1","-"
"1"," "
"1","-"
"1"," "
"1","
"
"1","Log-rank tests for Resistant Pancreatic Cancer -"
"1"," "
"1","ANC_8"
"1"," "
"1","
"
"1","-"
"1"," "
"1","-"
"1"," "
"1","-"
"1"," "
"1","-"
"1"," "
"1","-"
"1"," "
"1","-"
"1"," "
"1","-"
"1"," "
"1","-"
"1"," "
"1","-"
"1"," "
"1","-"
"1"," "
"1","-"
"1"," "
"1","-"
"1"," "
"1","-"
"1"," "
"1","-"
"1"," "
"1","-"
"1"," "
"1","-"
"1"," "
"1","-"
"1"," "
"1","-"
"1"," "
"1","-"
"1"," "
"1","-"
"1"," "
"1","
"
"1","Call:
"
"1","survdiff(formula = formula, data = resistant_df)
"
"1","
"
"1","          "
"1","  N"
"1"," Observed"
"1"," Expected"
"1"," (O-E)^2/E"
"1"," (O-E)^2/V"
"1","
ANC_8=< 8 "
"1"," 44"
"1","       28"
"1","    30.99"
"1","     0.288"
"1","      3.28"
"1","
ANC_8=>= 8"
"1","  9"
"1","        6"
"1","     3.01"
"1","     2.957"
"1","      3.28"
"1","
"
"1","
 Chisq="
"1"," "
"1","3.3"
"1"," "
"1"," on"
"1"," "
"1","1"
"1"," "
"1","degrees of freedom, p="
"1"," "
"1","0.07"
"1"," "
"1","
"
"1","-"
"1"," "
"1","-"
"1"," "
"1","-"
"1"," "
"1","-"
"1"," "
"1","-"
"1"," "
"1","-"
"1"," "
"1","-"
"1"," "
"1","-"
"1"," "
"1","-"
"1"," "
"1","-"
"1"," "
"1","-"
"1"," "
"1","-"
"1"," "
"1","-"
"1"," "
"1","-"
"1"," "
"1","-"
"1"," "
"1","-"
"1"," "
"1","-"
"1"," "
"1","-"
"1"," "
"1","-"
"1"," "
"1","-"
"1"," "
"1","
"
"1","Log-rank tests for Resistant Pancreatic Cancer -"
"1"," "
"1","NLR_3"
"1"," "
"1","
"
"1","-"
"1"," "
"1","-"
"1"," "
"1","-"
"1"," "
"1","-"
"1"," "
"1","-"
"1"," "
"1","-"
"1"," "
"1","-"
"1"," "
"1","-"
"1"," "
"1","-"
"1"," "
"1","-"
"1"," "
"1","-"
"1"," "
"1","-"
"1"," "
"1","-"
"1"," "
"1","-"
"1"," "
"1","-"
"1"," "
"1","-"
"1"," "
"1","-"
"1"," "
"1","-"
"1"," "
"1","-"
"1"," "
"1","-"
"1"," "
"1","
"
"1","Call:
"
"1","survdiff(formula = formula, data = resistant_df)
"
"1","
"
"1","          "
"1","  N"
"1"," Observed"
"1"," Expected"
"1"," (O-E)^2/E"
"1"," (O-E)^2/V"
"1","
NLR_3=< 3 "
"1"," 20"
"1","       11"
"1","     17.5"
"1","      2.41"
"1","      5.15"
"1","
NLR_3=>= 3"
"1"," 33"
"1","       23"
"1","     16.5"
"1","      2.56"
"1","      5.15"
"1","
"
"1","
 Chisq="
"1"," "
"1","5.2"
"1"," "
"1"," on"
"1"," "
"1","1"
"1"," "
"1","degrees of freedom, p="
"1"," "
"1","0.02"
"1"," "
"1","
"
"1","-"
"1"," "
"1","-"
"1"," "
"1","-"
"1"," "
"1","-"
"1"," "
"1","-"
"1"," "
"1","-"
"1"," "
"1","-"
"1"," "
"1","-"
"1"," "
"1","-"
"1"," "
"1","-"
"1"," "
"1","-"
"1"," "
"1","-"
"1"," "
"1","-"
"1"," "
"1","-"
"1"," "
"1","-"
"1"," "
"1","-"
"1"," "
"1","-"
"1"," "
"1","-"
"1"," "
"1","-"
"1"," "
"1","-"
"1"," "
"1","
"
"1","Log-rank tests for Resistant Pancreatic Cancer -"
"1"," "
"1","NLR_5"
"1"," "
"1","
"
"1","-"
"1"," "
"1","-"
"1"," "
"1","-"
"1"," "
"1","-"
"1"," "
"1","-"
"1"," "
"1","-"
"1"," "
"1","-"
"1"," "
"1","-"
"1"," "
"1","-"
"1"," "
"1","-"
"1"," "
"1","-"
"1"," "
"1","-"
"1"," "
"1","-"
"1"," "
"1","-"
"1"," "
"1","-"
"1"," "
"1","-"
"1"," "
"1","-"
"1"," "
"1","-"
"1"," "
"1","-"
"1"," "
"1","-"
"1"," "
"1","
"
"1","Call:
"
"1","survdiff(formula = formula, data = resistant_df)
"
"1","
"
"1","          "
"1","  N"
"1"," Observed"
"1"," Expected"
"1"," (O-E)^2/E"
"1"," (O-E)^2/V"
"1","
NLR_5=< 5 "
"1"," 33"
"1","       21"
"1","    26.49"
"1","      1.14"
"1","       5.3"
"1","
NLR_5=>= 5"
"1"," 20"
"1","       13"
"1","     7.51"
"1","      4.02"
"1","       5.3"
"1","
"
"1","
 Chisq="
"1"," "
"1","5.3"
"1"," "
"1"," on"
"1"," "
"1","1"
"1"," "
"1","degrees of freedom, p="
"1"," "
"1","0.02"
"1"," "
"1","
"
"1","-"
"1"," "
"1","-"
"1"," "
"1","-"
"1"," "
"1","-"
"1"," "
"1","-"
"1"," "
"1","-"
"1"," "
"1","-"
"1"," "
"1","-"
"1"," "
"1","-"
"1"," "
"1","-"
"1"," "
"1","-"
"1"," "
"1","-"
"1"," "
"1","-"
"1"," "
"1","-"
"1"," "
"1","-"
"1"," "
"1","-"
"1"," "
"1","-"
"1"," "
"1","-"
"1"," "
"1","-"
"1"," "
"1","-"
"1"," "
"1","
"
"1","Log-rank tests for Resistant Pancreatic Cancer -"
"1"," "
"1","PLT_300"
"1"," "
"1","
"
"1","-"
"1"," "
"1","-"
"1"," "
"1","-"
"1"," "
"1","-"
"1"," "
"1","-"
"1"," "
"1","-"
"1"," "
"1","-"
"1"," "
"1","-"
"1"," "
"1","-"
"1"," "
"1","-"
"1"," "
"1","-"
"1"," "
"1","-"
"1"," "
"1","-"
"1"," "
"1","-"
"1"," "
"1","-"
"1"," "
"1","-"
"1"," "
"1","-"
"1"," "
"1","-"
"1"," "
"1","-"
"1"," "
"1","-"
"1"," "
"1","
"
"1","Call:
"
"1","survdiff(formula = formula, data = resistant_df)
"
"1","
"
"1","              "
"1","  N"
"1"," Observed"
"1"," Expected"
"1"," (O-E)^2/E"
"1"," (O-E)^2/V"
"1","
PLT_300=< 300 "
"1"," 36"
"1","       21"
"1","    25.02"
"1","     0.647"
"1","       2.5"
"1","
PLT_300=>= 300"
"1"," 17"
"1","       13"
"1","     8.98"
"1","     1.802"
"1","       2.5"
"1","
"
"1","
 Chisq="
"1"," "
"1","2.5"
"1"," "
"1"," on"
"1"," "
"1","1"
"1"," "
"1","degrees of freedom, p="
"1"," "
"1","0.1"
"1"," "
"1","
"
"1","-"
"1"," "
"1","-"
"1"," "
"1","-"
"1"," "
"1","-"
"1"," "
"1","-"
"1"," "
"1","-"
"1"," "
"1","-"
"1"," "
"1","-"
"1"," "
"1","-"
"1"," "
"1","-"
"1"," "
"1","-"
"1"," "
"1","-"
"1"," "
"1","-"
"1"," "
"1","-"
"1"," "
"1","-"
"1"," "
"1","-"
"1"," "
"1","-"
"1"," "
"1","-"
"1"," "
"1","-"
"1"," "
"1","-"
"1"," "
"1","
"
"1","Log-rank tests for Resistant Pancreatic Cancer -"
"1"," "
"1","Alk_Phos_135"
"1"," "
"1","
"
"1","-"
"1"," "
"1","-"
"1"," "
"1","-"
"1"," "
"1","-"
"1"," "
"1","-"
"1"," "
"1","-"
"1"," "
"1","-"
"1"," "
"1","-"
"1"," "
"1","-"
"1"," "
"1","-"
"1"," "
"1","-"
"1"," "
"1","-"
"1"," "
"1","-"
"1"," "
"1","-"
"1"," "
"1","-"
"1"," "
"1","-"
"1"," "
"1","-"
"1"," "
"1","-"
"1"," "
"1","-"
"1"," "
"1","-"
"1"," "
"1","
"
"1","Call:
"
"1","survdiff(formula = formula, data = resistant_df)
"
"1","
"
"1","                   "
"1","  N"
"1"," Observed"
"1"," Expected"
"1"," (O-E)^2/E"
"1"," (O-E)^2/V"
"1","
Alk_Phos_135=< 135 "
"1"," 27"
"1","       13"
"1","     20.5"
"1","      2.75"
"1","      7.02"
"1","
Alk_Phos_135=>= 135"
"1"," 26"
"1","       21"
"1","     13.5"
"1","      4.18"
"1","      7.02"
"1","
"
"1","
 Chisq="
"1"," "
"1","7"
"1"," "
"1"," on"
"1"," "
"1","1"
"1"," "
"1","degrees of freedom, p="
"1"," "
"1","0.008"
"1"," "
"1","
"
"1","-"
"1"," "
"1","-"
"1"," "
"1","-"
"1"," "
"1","-"
"1"," "
"1","-"
"1"," "
"1","-"
"1"," "
"1","-"
"1"," "
"1","-"
"1"," "
"1","-"
"1"," "
"1","-"
"1"," "
"1","-"
"1"," "
"1","-"
"1"," "
"1","-"
"1"," "
"1","-"
"1"," "
"1","-"
"1"," "
"1","-"
"1"," "
"1","-"
"1"," "
"1","-"
"1"," "
"1","-"
"1"," "
"1","-"
"1"," "
"1","
"
"1","Log-rank tests for Resistant Pancreatic Cancer -"
"1"," "
"1","Alk_Phos_200"
"1"," "
"1","
"
"1","-"
"1"," "
"1","-"
"1"," "
"1","-"
"1"," "
"1","-"
"1"," "
"1","-"
"1"," "
"1","-"
"1"," "
"1","-"
"1"," "
"1","-"
"1"," "
"1","-"
"1"," "
"1","-"
"1"," "
"1","-"
"1"," "
"1","-"
"1"," "
"1","-"
"1"," "
"1","-"
"1"," "
"1","-"
"1"," "
"1","-"
"1"," "
"1","-"
"1"," "
"1","-"
"1"," "
"1","-"
"1"," "
"1","-"
"1"," "
"1","
"
"1","Call:
"
"1","survdiff(formula = formula, data = resistant_df)
"
"1","
"
"1","                   "
"1","  N"
"1"," Observed"
"1"," Expected"
"1"," (O-E)^2/E"
"1"," (O-E)^2/V"
"1","
Alk_Phos_200=< 200 "
"1"," 36"
"1","       21"
"1","    25.65"
"1","     0.844"
"1","      3.53"
"1","
Alk_Phos_200=>= 200"
"1"," 17"
"1","       13"
"1","     8.35"
"1","     2.595"
"1","      3.53"
"1","
"
"1","
 Chisq="
"1"," "
"1","3.5"
"1"," "
"1"," on"
"1"," "
"1","1"
"1"," "
"1","degrees of freedom, p="
"1"," "
"1","0.06"
"1"," "
"1","
"
"1","-"
"1"," "
"1","-"
"1"," "
"1","-"
"1"," "
"1","-"
"1"," "
"1","-"
"1"," "
"1","-"
"1"," "
"1","-"
"1"," "
"1","-"
"1"," "
"1","-"
"1"," "
"1","-"
"1"," "
"1","-"
"1"," "
"1","-"
"1"," "
"1","-"
"1"," "
"1","-"
"1"," "
"1","-"
"1"," "
"1","-"
"1"," "
"1","-"
"1"," "
"1","-"
"1"," "
"1","-"
"1"," "
"1","-"
"1"," "
"1","
"
"1","Log-rank tests for Resistant Pancreatic Cancer -"
"1"," "
"1","Age_60"
"1"," "
"1","
"
"1","-"
"1"," "
"1","-"
"1"," "
"1","-"
"1"," "
"1","-"
"1"," "
"1","-"
"1"," "
"1","-"
"1"," "
"1","-"
"1"," "
"1","-"
"1"," "
"1","-"
"1"," "
"1","-"
"1"," "
"1","-"
"1"," "
"1","-"
"1"," "
"1","-"
"1"," "
"1","-"
"1"," "
"1","-"
"1"," "
"1","-"
"1"," "
"1","-"
"1"," "
"1","-"
"1"," "
"1","-"
"1"," "
"1","-"
"1"," "
"1","
"
"1","Call:
"
"1","survdiff(formula = formula, data = resistant_df)
"
"1","
"
"1","            "
"1","  N"
"1"," Observed"
"1"," Expected"
"1"," (O-E)^2/E"
"1"," (O-E)^2/V"
"1","
Age_60=< 60 "
"1"," 10"
"1","        8"
"1","     7.15"
"1","    0.1006"
"1","     0.132"
"1","
Age_60=>= 60"
"1"," 43"
"1","       26"
"1","    26.85"
"1","    0.0268"
"1","     0.132"
"1","
"
"1","
 Chisq="
"1"," "
"1","0.1"
"1"," "
"1"," on"
"1"," "
"1","1"
"1"," "
"1","degrees of freedom, p="
"1"," "
"1","0.7"
"1"," "
"1","
"
"1","-"
"1"," "
"1","-"
"1"," "
"1","-"
"1"," "
"1","-"
"1"," "
"1","-"
"1"," "
"1","-"
"1"," "
"1","-"
"1"," "
"1","-"
"1"," "
"1","-"
"1"," "
"1","-"
"1"," "
"1","-"
"1"," "
"1","-"
"1"," "
"1","-"
"1"," "
"1","-"
"1"," "
"1","-"
"1"," "
"1","-"
"1"," "
"1","-"
"1"," "
"1","-"
"1"," "
"1","-"
"1"," "
"1","-"
"1"," "
"1","
"
"1","Log-rank tests for Resistant Pancreatic Cancer -"
"1"," "
"1","Age_65"
"1"," "
"1","
"
"1","-"
"1"," "
"1","-"
"1"," "
"1","-"
"1"," "
"1","-"
"1"," "
"1","-"
"1"," "
"1","-"
"1"," "
"1","-"
"1"," "
"1","-"
"1"," "
"1","-"
"1"," "
"1","-"
"1"," "
"1","-"
"1"," "
"1","-"
"1"," "
"1","-"
"1"," "
"1","-"
"1"," "
"1","-"
"1"," "
"1","-"
"1"," "
"1","-"
"1"," "
"1","-"
"1"," "
"1","-"
"1"," "
"1","-"
"1"," "
"1","
"
"1","Call:
"
"1","survdiff(formula = formula, data = resistant_df)
"
"1","
"
"1","            "
"1","  N"
"1"," Observed"
"1"," Expected"
"1"," (O-E)^2/E"
"1"," (O-E)^2/V"
"1","
Age_65=< 65 "
"1"," 24"
"1","       18"
"1","     16.9"
"1","    0.0728"
"1","     0.145"
"1","
Age_65=>= 65"
"1"," 29"
"1","       16"
"1","     17.1"
"1","    0.0718"
"1","     0.145"
"1","
"
"1","
 Chisq="
"1"," "
"1","0.1"
"1"," "
"1"," on"
"1"," "
"1","1"
"1"," "
"1","degrees of freedom, p="
"1"," "
"1","0.7"
"1"," "
"1","
"
"1","-"
"1"," "
"1","-"
"1"," "
"1","-"
"1"," "
"1","-"
"1"," "
"1","-"
"1"," "
"1","-"
"1"," "
"1","-"
"1"," "
"1","-"
"1"," "
"1","-"
"1"," "
"1","-"
"1"," "
"1","-"
"1"," "
"1","-"
"1"," "
"1","-"
"1"," "
"1","-"
"1"," "
"1","-"
"1"," "
"1","-"
"1"," "
"1","-"
"1"," "
"1","-"
"1"," "
"1","-"
"1"," "
"1","-"
"1"," "
"1","
"
"1","Log-rank tests for Resistant Pancreatic Cancer -"
"1"," "
"1","Age_70"
"1"," "
"1","
"
"1","-"
"1"," "
"1","-"
"1"," "
"1","-"
"1"," "
"1","-"
"1"," "
"1","-"
"1"," "
"1","-"
"1"," "
"1","-"
"1"," "
"1","-"
"1"," "
"1","-"
"1"," "
"1","-"
"1"," "
"1","-"
"1"," "
"1","-"
"1"," "
"1","-"
"1"," "
"1","-"
"1"," "
"1","-"
"1"," "
"1","-"
"1"," "
"1","-"
"1"," "
"1","-"
"1"," "
"1","-"
"1"," "
"1","-"
"1"," "
"1","
"
"1","Call:
"
"1","survdiff(formula = formula, data = resistant_df)
"
"1","
"
"1","            "
"1","  N"
"1"," Observed"
"1"," Expected"
"1"," (O-E)^2/E"
"1"," (O-E)^2/V"
"1","
Age_70=< 70 "
"1"," 35"
"1","       25"
"1","       22"
"1","     0.409"
"1","      1.19"
"1","
Age_70=>= 70"
"1"," 18"
"1","        9"
"1","       12"
"1","     0.750"
"1","      1.19"
"1","
"
"1","
 Chisq="
"1"," "
"1","1.2"
"1"," "
"1"," on"
"1"," "
"1","1"
"1"," "
"1","degrees of freedom, p="
"1"," "
"1","0.3"
"1"," "
"1","
"
"2","Warning: NAs introduced by coercion"
"1","-"
"1"," "
"1","-"
"1"," "
"1","-"
"1"," "
"1","-"
"1"," "
"1","-"
"1"," "
"1","-"
"1"," "
"1","-"
"1"," "
"1","-"
"1"," "
"1","-"
"1"," "
"1","-"
"1"," "
"1","-"
"1"," "
"1","-"
"1"," "
"1","-"
"1"," "
"1","-"
"1"," "
"1","-"
"1"," "
"1","-"
"1"," "
"1","-"
"1"," "
"1","-"
"1"," "
"1","-"
"1"," "
"1","-"
"1"," "
"1","
"
"1","Log-rank tests for Resistant Pancreatic Cancer -"
"1"," "
"1","Prognostic_Score_ALAN_category"
"1"," "
"1","
"
"1","-"
"1"," "
"1","-"
"1"," "
"1","-"
"1"," "
"1","-"
"1"," "
"1","-"
"1"," "
"1","-"
"1"," "
"1","-"
"1"," "
"1","-"
"1"," "
"1","-"
"1"," "
"1","-"
"1"," "
"1","-"
"1"," "
"1","-"
"1"," "
"1","-"
"1"," "
"1","-"
"1"," "
"1","-"
"1"," "
"1","-"
"1"," "
"1","-"
"1"," "
"1","-"
"1"," "
"1","-"
"1"," "
"1","-"
"1"," "
"1","
"
"1","Call:
"
"1","survdiff(formula = formula, data = resistant_df)
"
"1","
"
"1","                                  "
"1","  N"
"1"," Observed"
"1"," Expected"
"1"," (O-E)^2/E"
"1"," (O-E)^2/V"
"1","
Prognostic_Score_ALAN_category=0  "
"1"," 17"
"1","        9"
"1","    17.00"
"1","      3.76"
"1","      7.89"
"1","
Prognostic_Score_ALAN_category=1-2"
"1"," 26"
"1","       19"
"1","    14.99"
"1","      1.07"
"1","      2.03"
"1","
Prognostic_Score_ALAN_category=3-4"
"1"," 10"
"1","        6"
"1","     2.01"
"1","      7.91"
"1","      8.61"
"1","
"
"1","
 Chisq="
"1"," "
"1","13.1"
"1"," "
"1"," on"
"1"," "
"1","2"
"1"," "
"1","degrees of freedom, p="
"1"," "
"1","0.001"
"1"," "
"1","
"
"0","# Display log-rank test results in a table"
"0","kable(log_rank_results_df_resistant, caption = ""Log-rank Test Results for Resistant Pancreatic Cancer"")"
