"0","# Initialize lists to store Schoenfeld test results and plots for Resistant Pancreatic Cancer"
"0","schoenfeld_results_list_resistant <- list()"
"0","schoenfeld_plots_list_resistant <- list()"
"0",""
"0","# Loop through variables for Resistant Pancreatic Cancer"
"0","for (col in column_names) {"
"0","  # Create formula for Cox model"
"0","  formula_resistant <- as.formula(paste(""Surv(time_diff_months, Event_Status) ~"", col))"
"0","  "
"0","  # Fit Cox model for Resistant Pancreatic Cancer"
"0","  cox_model_resistant <- coxph(formula_resistant, data = resistant_df)"
"0","  "
"0","  # Perform Schoenfeld test for Resistant Pancreatic Cancer"
"0","  schoenfeld_test_resistant <- cox.zph(cox_model_resistant)"
"0","  "
"0","  # Print Schoenfeld test results for Resistant Pancreatic Cancer"
"0","  cat(rep(""-"", 45), ""\n"")"
"0","  cat(""Schoenfeld Test for Resistant Pancreatic Cancer -"", col, ""\n"")"
"0","  cat(rep(""-"", 45), ""\n"")"
"0","  print(schoenfeld_test_resistant)"
"0","  "
"0","  # Store Schoenfeld test result for Resistant Pancreatic Cancer in the list"
"0","  schoenfeld_results_list_resistant[[paste(""schoenfeld_test"", tolower(col), sep = ""_"")]] <- schoenfeld_test_resistant"
"0","  "
"0","  # Plot Schoenfeld residuals using ggcoxzph for Resistant Pancreatic Cancer"
"0","  schoenfeld_plot_resistant <- ggcoxzph(schoenfeld_test_resistant, caption = paste(""Schoenfeld Plot of Resistant Pancreatic Cancer for residuals of"", col))"
"0","  "
"0","  # Store Schoenfeld plot for Resistant Pancreatic Cancer in the list"
"0","  schoenfeld_plots_list_resistant[[paste(""schoenfeld_plot"", tolower(col), sep = ""_"")]] <- schoenfeld_plot_resistant"
"0","  "
"0","  # Print the plot for Resistant Pancreatic Cancer"
"0","  print(schoenfeld_plot_resistant)"
"0","}"
"1","-"
"1"," "
"1","-"
"1"," "
"1","-"
"1"," "
"1","-"
"1"," "
"1","-"
"1"," "
"1","-"
"1"," "
"1","-"
"1"," "
"1","-"
"1"," "
"1","-"
"1"," "
"1","-"
"1"," "
"1","-"
"1"," "
"1","-"
"1"," "
"1","-"
"1"," "
"1","-"
"1"," "
"1","-"
"1"," "
"1","-"
"1"," "
"1","-"
"1"," "
"1","-"
"1"," "
"1","-"
"1"," "
"1","-"
"1"," "
"1","-"
"1"," "
"1","-"
"1"," "
"1","-"
"1"," "
"1","-"
"1"," "
"1","-"
"1"," "
"1","-"
"1"," "
"1","-"
"1"," "
"1","-"
"1"," "
"1","-"
"1"," "
"1","-"
"1"," "
"1","-"
"1"," "
"1","-"
"1"," "
"1","-"
"1"," "
"1","-"
"1"," "
"1","-"
"1"," "
"1","-"
"1"," "
"1","-"
"1"," "
"1","-"
"1"," "
"1","-"
"1"," "
"1","-"
"1"," "
"1","-"
"1"," "
"1","-"
"1"," "
"1","-"
"1"," "
"1","-"
"1"," "
"1","-"
"1"," "
"1","
"
"1","Schoenfeld Test for Resistant Pancreatic Cancer -"
"1"," "
"1","Albumin_3.5"
"1"," "
"1","
"
"1","-"
"1"," "
"1","-"
"1"," "
"1","-"
"1"," "
"1","-"
"1"," "
"1","-"
"1"," "
"1","-"
"1"," "
"1","-"
"1"," "
"1","-"
"1"," "
"1","-"
"1"," "
"1","-"
"1"," "
"1","-"
"1"," "
"1","-"
"1"," "
"1","-"
"1"," "
"1","-"
"1"," "
"1","-"
"1"," "
"1","-"
"1"," "
"1","-"
"1"," "
"1","-"
"1"," "
"1","-"
"1"," "
"1","-"
"1"," "
"1","-"
"1"," "
"1","-"
"1"," "
"1","-"
"1"," "
"1","-"
"1"," "
"1","-"
"1"," "
"1","-"
"1"," "
"1","-"
"1"," "
"1","-"
"1"," "
"1","-"
"1"," "
"1","-"
"1"," "
"1","-"
"1"," "
"1","-"
"1"," "
"1","-"
"1"," "
"1","-"
"1"," "
"1","-"
"1"," "
"1","-"
"1"," "
"1","-"
"1"," "
"1","-"
"1"," "
"1","-"
"1"," "
"1","-"
"1"," "
"1","-"
"1"," "
"1","-"
"1"," "
"1","-"
"1"," "
"1","-"
"1"," "
"1","-"
"1"," "
"1","
"
"1","           "
"1"," chisq"
"1"," df"
"1","    p"
"1","
Albumin_3.5"
"1","   2.2"
"1","  1"
"1"," 0.14"
"1","
GLOBAL     "
"1","   2.2"
"1","  1"
"1"," 0.14"
"1","
"
"1","-"
"1"," "
"1","-"
"1"," "
"1","-"
"1"," "
"1","-"
"1"," "
"1","-"
"1"," "
"1","-"
"1"," "
"1","-"
"1"," "
"1","-"
"1"," "
"1","-"
"1"," "
"1","-"
"1"," "
"1","-"
"1"," "
"1","-"
"1"," "
"1","-"
"1"," "
"1","-"
"1"," "
"1","-"
"1"," "
"1","-"
"1"," "
"1","-"
"1"," "
"1","-"
"1"," "
"1","-"
"1"," "
"1","-"
"1"," "
"1","-"
"1"," "
"1","-"
"1"," "
"1","-"
"1"," "
"1","-"
"1"," "
"1","-"
"1"," "
"1","-"
"1"," "
"1","-"
"1"," "
"1","-"
"1"," "
"1","-"
"1"," "
"1","-"
"1"," "
"1","-"
"1"," "
"1","-"
"1"," "
"1","-"
"1"," "
"1","-"
"1"," "
"1","-"
"1"," "
"1","-"
"1"," "
"1","-"
"1"," "
"1","-"
"1"," "
"1","-"
"1"," "
"1","-"
"1"," "
"1","-"
"1"," "
"1","-"
"1"," "
"1","-"
"1"," "
"1","-"
"1"," "
"1","-"
"1"," "
"1","
"
"1","Schoenfeld Test for Resistant Pancreatic Cancer -"
"1"," "
"1","LMR_2.1"
"1"," "
"1","
"
"1","-"
"1"," "
"1","-"
"1"," "
"1","-"
"1"," "
"1","-"
"1"," "
"1","-"
"1"," "
"1","-"
"1"," "
"1","-"
"1"," "
"1","-"
"1"," "
"1","-"
"1"," "
"1","-"
"1"," "
"1","-"
"1"," "
"1","-"
"1"," "
"1","-"
"1"," "
"1","-"
"1"," "
"1","-"
"1"," "
"1","-"
"1"," "
"1","-"
"1"," "
"1","-"
"1"," "
"1","-"
"1"," "
"1","-"
"1"," "
"1","-"
"1"," "
"1","-"
"1"," "
"1","-"
"1"," "
"1","-"
"1"," "
"1","-"
"1"," "
"1","-"
"1"," "
"1","-"
"1"," "
"1","-"
"1"," "
"1","-"
"1"," "
"1","-"
"1"," "
"1","-"
"1"," "
"1","-"
"1"," "
"1","-"
"1"," "
"1","-"
"1"," "
"1","-"
"1"," "
"1","-"
"1"," "
"1","-"
"1"," "
"1","-"
"1"," "
"1","-"
"1"," "
"1","-"
"1"," "
"1","-"
"1"," "
"1","-"
"1"," "
"1","-"
"1"," "
"1","-"
"1"," "
"1","-"
"1"," "
"1","
"
"1","       "
"1"," chisq"
"1"," df"
"1","      p"
"1","
LMR_2.1"
"1","  7.46"
"1","  1"
"1"," 0.0063"
"1","
GLOBAL "
"1","  7.46"
"1","  1"
"1"," 0.0063"
"1","
"
"1","-"
"1"," "
"1","-"
"1"," "
"1","-"
"1"," "
"1","-"
"1"," "
"1","-"
"1"," "
"1","-"
"1"," "
"1","-"
"1"," "
"1","-"
"1"," "
"1","-"
"1"," "
"1","-"
"1"," "
"1","-"
"1"," "
"1","-"
"1"," "
"1","-"
"1"," "
"1","-"
"1"," "
"1","-"
"1"," "
"1","-"
"1"," "
"1","-"
"1"," "
"1","-"
"1"," "
"1","-"
"1"," "
"1","-"
"1"," "
"1","-"
"1"," "
"1","-"
"1"," "
"1","-"
"1"," "
"1","-"
"1"," "
"1","-"
"1"," "
"1","-"
"1"," "
"1","-"
"1"," "
"1","-"
"1"," "
"1","-"
"1"," "
"1","-"
"1"," "
"1","-"
"1"," "
"1","-"
"1"," "
"1","-"
"1"," "
"1","-"
"1"," "
"1","-"
"1"," "
"1","-"
"1"," "
"1","-"
"1"," "
"1","-"
"1"," "
"1","-"
"1"," "
"1","-"
"1"," "
"1","-"
"1"," "
"1","-"
"1"," "
"1","-"
"1"," "
"1","-"
"1"," "
"1","-"
"1"," "
"1","
"
"1","Schoenfeld Test for Resistant Pancreatic Cancer -"
"1"," "
"1","MON_0.8"
"1"," "
"1","
"
"1","-"
"1"," "
"1","-"
"1"," "
"1","-"
"1"," "
"1","-"
"1"," "
"1","-"
"1"," "
"1","-"
"1"," "
"1","-"
"1"," "
"1","-"
"1"," "
"1","-"
"1"," "
"1","-"
"1"," "
"1","-"
"1"," "
"1","-"
"1"," "
"1","-"
"1"," "
"1","-"
"1"," "
"1","-"
"1"," "
"1","-"
"1"," "
"1","-"
"1"," "
"1","-"
"1"," "
"1","-"
"1"," "
"1","-"
"1"," "
"1","-"
"1"," "
"1","-"
"1"," "
"1","-"
"1"," "
"1","-"
"1"," "
"1","-"
"1"," "
"1","-"
"1"," "
"1","-"
"1"," "
"1","-"
"1"," "
"1","-"
"1"," "
"1","-"
"1"," "
"1","-"
"1"," "
"1","-"
"1"," "
"1","-"
"1"," "
"1","-"
"1"," "
"1","-"
"1"," "
"1","-"
"1"," "
"1","-"
"1"," "
"1","-"
"1"," "
"1","-"
"1"," "
"1","-"
"1"," "
"1","-"
"1"," "
"1","-"
"1"," "
"1","-"
"1"," "
"1","-"
"1"," "
"1","-"
"1"," "
"1","
"
"1","       "
"1"," chisq"
"1"," df"
"1","     p"
"1","
MON_0.8"
"1","  2.77"
"1","  1"
"1"," 0.096"
"1","
GLOBAL "
"1","  2.77"
"1","  1"
"1"," 0.096"
"1","
"
"1","-"
"1"," "
"1","-"
"1"," "
"1","-"
"1"," "
"1","-"
"1"," "
"1","-"
"1"," "
"1","-"
"1"," "
"1","-"
"1"," "
"1","-"
"1"," "
"1","-"
"1"," "
"1","-"
"1"," "
"1","-"
"1"," "
"1","-"
"1"," "
"1","-"
"1"," "
"1","-"
"1"," "
"1","-"
"1"," "
"1","-"
"1"," "
"1","-"
"1"," "
"1","-"
"1"," "
"1","-"
"1"," "
"1","-"
"1"," "
"1","-"
"1"," "
"1","-"
"1"," "
"1","-"
"1"," "
"1","-"
"1"," "
"1","-"
"1"," "
"1","-"
"1"," "
"1","-"
"1"," "
"1","-"
"1"," "
"1","-"
"1"," "
"1","-"
"1"," "
"1","-"
"1"," "
"1","-"
"1"," "
"1","-"
"1"," "
"1","-"
"1"," "
"1","-"
"1"," "
"1","-"
"1"," "
"1","-"
"1"," "
"1","-"
"1"," "
"1","-"
"1"," "
"1","-"
"1"," "
"1","-"
"1"," "
"1","-"
"1"," "
"1","-"
"1"," "
"1","-"
"1"," "
"1","-"
"1"," "
"1","
"
"1","Schoenfeld Test for Resistant Pancreatic Cancer -"
"1"," "
"1","LY_1.5"
"1"," "
"1","
"
"1","-"
"1"," "
"1","-"
"1"," "
"1","-"
"1"," "
"1","-"
"1"," "
"1","-"
"1"," "
"1","-"
"1"," "
"1","-"
"1"," "
"1","-"
"1"," "
"1","-"
"1"," "
"1","-"
"1"," "
"1","-"
"1"," "
"1","-"
"1"," "
"1","-"
"1"," "
"1","-"
"1"," "
"1","-"
"1"," "
"1","-"
"1"," "
"1","-"
"1"," "
"1","-"
"1"," "
"1","-"
"1"," "
"1","-"
"1"," "
"1","-"
"1"," "
"1","-"
"1"," "
"1","-"
"1"," "
"1","-"
"1"," "
"1","-"
"1"," "
"1","-"
"1"," "
"1","-"
"1"," "
"1","-"
"1"," "
"1","-"
"1"," "
"1","-"
"1"," "
"1","-"
"1"," "
"1","-"
"1"," "
"1","-"
"1"," "
"1","-"
"1"," "
"1","-"
"1"," "
"1","-"
"1"," "
"1","-"
"1"," "
"1","-"
"1"," "
"1","-"
"1"," "
"1","-"
"1"," "
"1","-"
"1"," "
"1","-"
"1"," "
"1","-"
"1"," "
"1","-"
"1"," "
"1","-"
"1"," "
"1","
"
"1","      "
"1"," chisq"
"1"," df"
"1","    p"
"1","
LY_1.5"
"1","  0.68"
"1","  1"
"1"," 0.41"
"1","
GLOBAL"
"1","  0.68"
"1","  1"
"1"," 0.41"
"1","
"
"1","-"
"1"," "
"1","-"
"1"," "
"1","-"
"1"," "
"1","-"
"1"," "
"1","-"
"1"," "
"1","-"
"1"," "
"1","-"
"1"," "
"1","-"
"1"," "
"1","-"
"1"," "
"1","-"
"1"," "
"1","-"
"1"," "
"1","-"
"1"," "
"1","-"
"1"," "
"1","-"
"1"," "
"1","-"
"1"," "
"1","-"
"1"," "
"1","-"
"1"," "
"1","-"
"1"," "
"1","-"
"1"," "
"1","-"
"1"," "
"1","-"
"1"," "
"1","-"
"1"," "
"1","-"
"1"," "
"1","-"
"1"," "
"1","-"
"1"," "
"1","-"
"1"," "
"1","-"
"1"," "
"1","-"
"1"," "
"1","-"
"1"," "
"1","-"
"1"," "
"1","-"
"1"," "
"1","-"
"1"," "
"1","-"
"1"," "
"1","-"
"1"," "
"1","-"
"1"," "
"1","-"
"1"," "
"1","-"
"1"," "
"1","-"
"1"," "
"1","-"
"1"," "
"1","-"
"1"," "
"1","-"
"1"," "
"1","-"
"1"," "
"1","-"
"1"," "
"1","-"
"1"," "
"1","-"
"1"," "
"1","
"
"1","Schoenfeld Test for Resistant Pancreatic Cancer -"
"1"," "
"1","ANC_4"
"1"," "
"1","
"
"1","-"
"1"," "
"1","-"
"1"," "
"1","-"
"1"," "
"1","-"
"1"," "
"1","-"
"1"," "
"1","-"
"1"," "
"1","-"
"1"," "
"1","-"
"1"," "
"1","-"
"1"," "
"1","-"
"1"," "
"1","-"
"1"," "
"1","-"
"1"," "
"1","-"
"1"," "
"1","-"
"1"," "
"1","-"
"1"," "
"1","-"
"1"," "
"1","-"
"1"," "
"1","-"
"1"," "
"1","-"
"1"," "
"1","-"
"1"," "
"1","-"
"1"," "
"1","-"
"1"," "
"1","-"
"1"," "
"1","-"
"1"," "
"1","-"
"1"," "
"1","-"
"1"," "
"1","-"
"1"," "
"1","-"
"1"," "
"1","-"
"1"," "
"1","-"
"1"," "
"1","-"
"1"," "
"1","-"
"1"," "
"1","-"
"1"," "
"1","-"
"1"," "
"1","-"
"1"," "
"1","-"
"1"," "
"1","-"
"1"," "
"1","-"
"1"," "
"1","-"
"1"," "
"1","-"
"1"," "
"1","-"
"1"," "
"1","-"
"1"," "
"1","-"
"1"," "
"1","-"
"1"," "
"1","-"
"1"," "
"1","
"
"1","      "
"1"," chisq"
"1"," df"
"1","   p"
"1","
ANC_4 "
"1"," 0.015"
"1","  1"
"1"," 0.9"
"1","
GLOBAL"
"1"," 0.015"
"1","  1"
"1"," 0.9"
"1","
"
"1","-"
"1"," "
"1","-"
"1"," "
"1","-"
"1"," "
"1","-"
"1"," "
"1","-"
"1"," "
"1","-"
"1"," "
"1","-"
"1"," "
"1","-"
"1"," "
"1","-"
"1"," "
"1","-"
"1"," "
"1","-"
"1"," "
"1","-"
"1"," "
"1","-"
"1"," "
"1","-"
"1"," "
"1","-"
"1"," "
"1","-"
"1"," "
"1","-"
"1"," "
"1","-"
"1"," "
"1","-"
"1"," "
"1","-"
"1"," "
"1","-"
"1"," "
"1","-"
"1"," "
"1","-"
"1"," "
"1","-"
"1"," "
"1","-"
"1"," "
"1","-"
"1"," "
"1","-"
"1"," "
"1","-"
"1"," "
"1","-"
"1"," "
"1","-"
"1"," "
"1","-"
"1"," "
"1","-"
"1"," "
"1","-"
"1"," "
"1","-"
"1"," "
"1","-"
"1"," "
"1","-"
"1"," "
"1","-"
"1"," "
"1","-"
"1"," "
"1","-"
"1"," "
"1","-"
"1"," "
"1","-"
"1"," "
"1","-"
"1"," "
"1","-"
"1"," "
"1","-"
"1"," "
"1","-"
"1"," "
"1","
"
"1","Schoenfeld Test for Resistant Pancreatic Cancer -"
"1"," "
"1","ANC_8"
"1"," "
"1","
"
"1","-"
"1"," "
"1","-"
"1"," "
"1","-"
"1"," "
"1","-"
"1"," "
"1","-"
"1"," "
"1","-"
"1"," "
"1","-"
"1"," "
"1","-"
"1"," "
"1","-"
"1"," "
"1","-"
"1"," "
"1","-"
"1"," "
"1","-"
"1"," "
"1","-"
"1"," "
"1","-"
"1"," "
"1","-"
"1"," "
"1","-"
"1"," "
"1","-"
"1"," "
"1","-"
"1"," "
"1","-"
"1"," "
"1","-"
"1"," "
"1","-"
"1"," "
"1","-"
"1"," "
"1","-"
"1"," "
"1","-"
"1"," "
"1","-"
"1"," "
"1","-"
"1"," "
"1","-"
"1"," "
"1","-"
"1"," "
"1","-"
"1"," "
"1","-"
"1"," "
"1","-"
"1"," "
"1","-"
"1"," "
"1","-"
"1"," "
"1","-"
"1"," "
"1","-"
"1"," "
"1","-"
"1"," "
"1","-"
"1"," "
"1","-"
"1"," "
"1","-"
"1"," "
"1","-"
"1"," "
"1","-"
"1"," "
"1","-"
"1"," "
"1","-"
"1"," "
"1","-"
"1"," "
"1","-"
"1"," "
"1","
"
"1","      "
"1"," chisq"
"1"," df"
"1","    p"
"1","
ANC_8 "
"1"," 0.568"
"1","  1"
"1"," 0.45"
"1","
GLOBAL"
"1"," 0.568"
"1","  1"
"1"," 0.45"
"1","
"
"1","-"
"1"," "
"1","-"
"1"," "
"1","-"
"1"," "
"1","-"
"1"," "
"1","-"
"1"," "
"1","-"
"1"," "
"1","-"
"1"," "
"1","-"
"1"," "
"1","-"
"1"," "
"1","-"
"1"," "
"1","-"
"1"," "
"1","-"
"1"," "
"1","-"
"1"," "
"1","-"
"1"," "
"1","-"
"1"," "
"1","-"
"1"," "
"1","-"
"1"," "
"1","-"
"1"," "
"1","-"
"1"," "
"1","-"
"1"," "
"1","-"
"1"," "
"1","-"
"1"," "
"1","-"
"1"," "
"1","-"
"1"," "
"1","-"
"1"," "
"1","-"
"1"," "
"1","-"
"1"," "
"1","-"
"1"," "
"1","-"
"1"," "
"1","-"
"1"," "
"1","-"
"1"," "
"1","-"
"1"," "
"1","-"
"1"," "
"1","-"
"1"," "
"1","-"
"1"," "
"1","-"
"1"," "
"1","-"
"1"," "
"1","-"
"1"," "
"1","-"
"1"," "
"1","-"
"1"," "
"1","-"
"1"," "
"1","-"
"1"," "
"1","-"
"1"," "
"1","-"
"1"," "
"1","-"
"1"," "
"1","
"
"1","Schoenfeld Test for Resistant Pancreatic Cancer -"
"1"," "
"1","NLR_3"
"1"," "
"1","
"
"1","-"
"1"," "
"1","-"
"1"," "
"1","-"
"1"," "
"1","-"
"1"," "
"1","-"
"1"," "
"1","-"
"1"," "
"1","-"
"1"," "
"1","-"
"1"," "
"1","-"
"1"," "
"1","-"
"1"," "
"1","-"
"1"," "
"1","-"
"1"," "
"1","-"
"1"," "
"1","-"
"1"," "
"1","-"
"1"," "
"1","-"
"1"," "
"1","-"
"1"," "
"1","-"
"1"," "
"1","-"
"1"," "
"1","-"
"1"," "
"1","-"
"1"," "
"1","-"
"1"," "
"1","-"
"1"," "
"1","-"
"1"," "
"1","-"
"1"," "
"1","-"
"1"," "
"1","-"
"1"," "
"1","-"
"1"," "
"1","-"
"1"," "
"1","-"
"1"," "
"1","-"
"1"," "
"1","-"
"1"," "
"1","-"
"1"," "
"1","-"
"1"," "
"1","-"
"1"," "
"1","-"
"1"," "
"1","-"
"1"," "
"1","-"
"1"," "
"1","-"
"1"," "
"1","-"
"1"," "
"1","-"
"1"," "
"1","-"
"1"," "
"1","-"
"1"," "
"1","-"
"1"," "
"1","-"
"1"," "
"1","
"
"1","      "
"1","   chisq"
"1"," df"
"1","    p"
"1","
NLR_3 "
"1"," 0.00113"
"1","  1"
"1"," 0.97"
"1","
GLOBAL"
"1"," 0.00113"
"1","  1"
"1"," 0.97"
"1","
"
"1","-"
"1"," "
"1","-"
"1"," "
"1","-"
"1"," "
"1","-"
"1"," "
"1","-"
"1"," "
"1","-"
"1"," "
"1","-"
"1"," "
"1","-"
"1"," "
"1","-"
"1"," "
"1","-"
"1"," "
"1","-"
"1"," "
"1","-"
"1"," "
"1","-"
"1"," "
"1","-"
"1"," "
"1","-"
"1"," "
"1","-"
"1"," "
"1","-"
"1"," "
"1","-"
"1"," "
"1","-"
"1"," "
"1","-"
"1"," "
"1","-"
"1"," "
"1","-"
"1"," "
"1","-"
"1"," "
"1","-"
"1"," "
"1","-"
"1"," "
"1","-"
"1"," "
"1","-"
"1"," "
"1","-"
"1"," "
"1","-"
"1"," "
"1","-"
"1"," "
"1","-"
"1"," "
"1","-"
"1"," "
"1","-"
"1"," "
"1","-"
"1"," "
"1","-"
"1"," "
"1","-"
"1"," "
"1","-"
"1"," "
"1","-"
"1"," "
"1","-"
"1"," "
"1","-"
"1"," "
"1","-"
"1"," "
"1","-"
"1"," "
"1","-"
"1"," "
"1","-"
"1"," "
"1","-"
"1"," "
"1","
"
"1","Schoenfeld Test for Resistant Pancreatic Cancer -"
"1"," "
"1","NLR_5"
"1"," "
"1","
"
"1","-"
"1"," "
"1","-"
"1"," "
"1","-"
"1"," "
"1","-"
"1"," "
"1","-"
"1"," "
"1","-"
"1"," "
"1","-"
"1"," "
"1","-"
"1"," "
"1","-"
"1"," "
"1","-"
"1"," "
"1","-"
"1"," "
"1","-"
"1"," "
"1","-"
"1"," "
"1","-"
"1"," "
"1","-"
"1"," "
"1","-"
"1"," "
"1","-"
"1"," "
"1","-"
"1"," "
"1","-"
"1"," "
"1","-"
"1"," "
"1","-"
"1"," "
"1","-"
"1"," "
"1","-"
"1"," "
"1","-"
"1"," "
"1","-"
"1"," "
"1","-"
"1"," "
"1","-"
"1"," "
"1","-"
"1"," "
"1","-"
"1"," "
"1","-"
"1"," "
"1","-"
"1"," "
"1","-"
"1"," "
"1","-"
"1"," "
"1","-"
"1"," "
"1","-"
"1"," "
"1","-"
"1"," "
"1","-"
"1"," "
"1","-"
"1"," "
"1","-"
"1"," "
"1","-"
"1"," "
"1","-"
"1"," "
"1","-"
"1"," "
"1","-"
"1"," "
"1","-"
"1"," "
"1","-"
"1"," "
"1","
"
"1","      "
"1"," chisq"
"1"," df"
"1","    p"
"1","
NLR_5 "
"1","  1.13"
"1","  1"
"1"," 0.29"
"1","
GLOBAL"
"1","  1.13"
"1","  1"
"1"," 0.29"
"1","
"
"1","-"
"1"," "
"1","-"
"1"," "
"1","-"
"1"," "
"1","-"
"1"," "
"1","-"
"1"," "
"1","-"
"1"," "
"1","-"
"1"," "
"1","-"
"1"," "
"1","-"
"1"," "
"1","-"
"1"," "
"1","-"
"1"," "
"1","-"
"1"," "
"1","-"
"1"," "
"1","-"
"1"," "
"1","-"
"1"," "
"1","-"
"1"," "
"1","-"
"1"," "
"1","-"
"1"," "
"1","-"
"1"," "
"1","-"
"1"," "
"1","-"
"1"," "
"1","-"
"1"," "
"1","-"
"1"," "
"1","-"
"1"," "
"1","-"
"1"," "
"1","-"
"1"," "
"1","-"
"1"," "
"1","-"
"1"," "
"1","-"
"1"," "
"1","-"
"1"," "
"1","-"
"1"," "
"1","-"
"1"," "
"1","-"
"1"," "
"1","-"
"1"," "
"1","-"
"1"," "
"1","-"
"1"," "
"1","-"
"1"," "
"1","-"
"1"," "
"1","-"
"1"," "
"1","-"
"1"," "
"1","-"
"1"," "
"1","-"
"1"," "
"1","-"
"1"," "
"1","-"
"1"," "
"1","-"
"1"," "
"1","
"
"1","Schoenfeld Test for Resistant Pancreatic Cancer -"
"1"," "
"1","PLT_300"
"1"," "
"1","
"
"1","-"
"1"," "
"1","-"
"1"," "
"1","-"
"1"," "
"1","-"
"1"," "
"1","-"
"1"," "
"1","-"
"1"," "
"1","-"
"1"," "
"1","-"
"1"," "
"1","-"
"1"," "
"1","-"
"1"," "
"1","-"
"1"," "
"1","-"
"1"," "
"1","-"
"1"," "
"1","-"
"1"," "
"1","-"
"1"," "
"1","-"
"1"," "
"1","-"
"1"," "
"1","-"
"1"," "
"1","-"
"1"," "
"1","-"
"1"," "
"1","-"
"1"," "
"1","-"
"1"," "
"1","-"
"1"," "
"1","-"
"1"," "
"1","-"
"1"," "
"1","-"
"1"," "
"1","-"
"1"," "
"1","-"
"1"," "
"1","-"
"1"," "
"1","-"
"1"," "
"1","-"
"1"," "
"1","-"
"1"," "
"1","-"
"1"," "
"1","-"
"1"," "
"1","-"
"1"," "
"1","-"
"1"," "
"1","-"
"1"," "
"1","-"
"1"," "
"1","-"
"1"," "
"1","-"
"1"," "
"1","-"
"1"," "
"1","-"
"1"," "
"1","-"
"1"," "
"1","-"
"1"," "
"1","-"
"1"," "
"1","
"
"1","       "
"1","  chisq"
"1"," df"
"1","    p"
"1","
PLT_300"
"1"," 0.0906"
"1","  1"
"1"," 0.76"
"1","
GLOBAL "
"1"," 0.0906"
"1","  1"
"1"," 0.76"
"1","
"
"1","-"
"1"," "
"1","-"
"1"," "
"1","-"
"1"," "
"1","-"
"1"," "
"1","-"
"1"," "
"1","-"
"1"," "
"1","-"
"1"," "
"1","-"
"1"," "
"1","-"
"1"," "
"1","-"
"1"," "
"1","-"
"1"," "
"1","-"
"1"," "
"1","-"
"1"," "
"1","-"
"1"," "
"1","-"
"1"," "
"1","-"
"1"," "
"1","-"
"1"," "
"1","-"
"1"," "
"1","-"
"1"," "
"1","-"
"1"," "
"1","-"
"1"," "
"1","-"
"1"," "
"1","-"
"1"," "
"1","-"
"1"," "
"1","-"
"1"," "
"1","-"
"1"," "
"1","-"
"1"," "
"1","-"
"1"," "
"1","-"
"1"," "
"1","-"
"1"," "
"1","-"
"1"," "
"1","-"
"1"," "
"1","-"
"1"," "
"1","-"
"1"," "
"1","-"
"1"," "
"1","-"
"1"," "
"1","-"
"1"," "
"1","-"
"1"," "
"1","-"
"1"," "
"1","-"
"1"," "
"1","-"
"1"," "
"1","-"
"1"," "
"1","-"
"1"," "
"1","-"
"1"," "
"1","-"
"1"," "
"1","
"
"1","Schoenfeld Test for Resistant Pancreatic Cancer -"
"1"," "
"1","Alk_Phos_135"
"1"," "
"1","
"
"1","-"
"1"," "
"1","-"
"1"," "
"1","-"
"1"," "
"1","-"
"1"," "
"1","-"
"1"," "
"1","-"
"1"," "
"1","-"
"1"," "
"1","-"
"1"," "
"1","-"
"1"," "
"1","-"
"1"," "
"1","-"
"1"," "
"1","-"
"1"," "
"1","-"
"1"," "
"1","-"
"1"," "
"1","-"
"1"," "
"1","-"
"1"," "
"1","-"
"1"," "
"1","-"
"1"," "
"1","-"
"1"," "
"1","-"
"1"," "
"1","-"
"1"," "
"1","-"
"1"," "
"1","-"
"1"," "
"1","-"
"1"," "
"1","-"
"1"," "
"1","-"
"1"," "
"1","-"
"1"," "
"1","-"
"1"," "
"1","-"
"1"," "
"1","-"
"1"," "
"1","-"
"1"," "
"1","-"
"1"," "
"1","-"
"1"," "
"1","-"
"1"," "
"1","-"
"1"," "
"1","-"
"1"," "
"1","-"
"1"," "
"1","-"
"1"," "
"1","-"
"1"," "
"1","-"
"1"," "
"1","-"
"1"," "
"1","-"
"1"," "
"1","-"
"1"," "
"1","-"
"1"," "
"1","-"
"1"," "
"1","
"
"1","            "
"1"," chisq"
"1"," df"
"1","    p"
"1","
Alk_Phos_135"
"1"," 0.199"
"1","  1"
"1"," 0.66"
"1","
GLOBAL      "
"1"," 0.199"
"1","  1"
"1"," 0.66"
"1","
"
"1","-"
"1"," "
"1","-"
"1"," "
"1","-"
"1"," "
"1","-"
"1"," "
"1","-"
"1"," "
"1","-"
"1"," "
"1","-"
"1"," "
"1","-"
"1"," "
"1","-"
"1"," "
"1","-"
"1"," "
"1","-"
"1"," "
"1","-"
"1"," "
"1","-"
"1"," "
"1","-"
"1"," "
"1","-"
"1"," "
"1","-"
"1"," "
"1","-"
"1"," "
"1","-"
"1"," "
"1","-"
"1"," "
"1","-"
"1"," "
"1","-"
"1"," "
"1","-"
"1"," "
"1","-"
"1"," "
"1","-"
"1"," "
"1","-"
"1"," "
"1","-"
"1"," "
"1","-"
"1"," "
"1","-"
"1"," "
"1","-"
"1"," "
"1","-"
"1"," "
"1","-"
"1"," "
"1","-"
"1"," "
"1","-"
"1"," "
"1","-"
"1"," "
"1","-"
"1"," "
"1","-"
"1"," "
"1","-"
"1"," "
"1","-"
"1"," "
"1","-"
"1"," "
"1","-"
"1"," "
"1","-"
"1"," "
"1","-"
"1"," "
"1","-"
"1"," "
"1","-"
"1"," "
"1","-"
"1"," "
"1","
"
"1","Schoenfeld Test for Resistant Pancreatic Cancer -"
"1"," "
"1","Alk_Phos_200"
"1"," "
"1","
"
"1","-"
"1"," "
"1","-"
"1"," "
"1","-"
"1"," "
"1","-"
"1"," "
"1","-"
"1"," "
"1","-"
"1"," "
"1","-"
"1"," "
"1","-"
"1"," "
"1","-"
"1"," "
"1","-"
"1"," "
"1","-"
"1"," "
"1","-"
"1"," "
"1","-"
"1"," "
"1","-"
"1"," "
"1","-"
"1"," "
"1","-"
"1"," "
"1","-"
"1"," "
"1","-"
"1"," "
"1","-"
"1"," "
"1","-"
"1"," "
"1","-"
"1"," "
"1","-"
"1"," "
"1","-"
"1"," "
"1","-"
"1"," "
"1","-"
"1"," "
"1","-"
"1"," "
"1","-"
"1"," "
"1","-"
"1"," "
"1","-"
"1"," "
"1","-"
"1"," "
"1","-"
"1"," "
"1","-"
"1"," "
"1","-"
"1"," "
"1","-"
"1"," "
"1","-"
"1"," "
"1","-"
"1"," "
"1","-"
"1"," "
"1","-"
"1"," "
"1","-"
"1"," "
"1","-"
"1"," "
"1","-"
"1"," "
"1","-"
"1"," "
"1","-"
"1"," "
"1","-"
"1"," "
"1","-"
"1"," "
"1","
"
"1","            "
"1","  chisq"
"1"," df"
"1","    p"
"1","
Alk_Phos_200"
"1"," 0.0455"
"1","  1"
"1"," 0.83"
"1","
GLOBAL      "
"1"," 0.0455"
"1","  1"
"1"," 0.83"
"1","
"
"1","-"
"1"," "
"1","-"
"1"," "
"1","-"
"1"," "
"1","-"
"1"," "
"1","-"
"1"," "
"1","-"
"1"," "
"1","-"
"1"," "
"1","-"
"1"," "
"1","-"
"1"," "
"1","-"
"1"," "
"1","-"
"1"," "
"1","-"
"1"," "
"1","-"
"1"," "
"1","-"
"1"," "
"1","-"
"1"," "
"1","-"
"1"," "
"1","-"
"1"," "
"1","-"
"1"," "
"1","-"
"1"," "
"1","-"
"1"," "
"1","-"
"1"," "
"1","-"
"1"," "
"1","-"
"1"," "
"1","-"
"1"," "
"1","-"
"1"," "
"1","-"
"1"," "
"1","-"
"1"," "
"1","-"
"1"," "
"1","-"
"1"," "
"1","-"
"1"," "
"1","-"
"1"," "
"1","-"
"1"," "
"1","-"
"1"," "
"1","-"
"1"," "
"1","-"
"1"," "
"1","-"
"1"," "
"1","-"
"1"," "
"1","-"
"1"," "
"1","-"
"1"," "
"1","-"
"1"," "
"1","-"
"1"," "
"1","-"
"1"," "
"1","-"
"1"," "
"1","-"
"1"," "
"1","-"
"1"," "
"1","
"
"1","Schoenfeld Test for Resistant Pancreatic Cancer -"
"1"," "
"1","Age_60"
"1"," "
"1","
"
"1","-"
"1"," "
"1","-"
"1"," "
"1","-"
"1"," "
"1","-"
"1"," "
"1","-"
"1"," "
"1","-"
"1"," "
"1","-"
"1"," "
"1","-"
"1"," "
"1","-"
"1"," "
"1","-"
"1"," "
"1","-"
"1"," "
"1","-"
"1"," "
"1","-"
"1"," "
"1","-"
"1"," "
"1","-"
"1"," "
"1","-"
"1"," "
"1","-"
"1"," "
"1","-"
"1"," "
"1","-"
"1"," "
"1","-"
"1"," "
"1","-"
"1"," "
"1","-"
"1"," "
"1","-"
"1"," "
"1","-"
"1"," "
"1","-"
"1"," "
"1","-"
"1"," "
"1","-"
"1"," "
"1","-"
"1"," "
"1","-"
"1"," "
"1","-"
"1"," "
"1","-"
"1"," "
"1","-"
"1"," "
"1","-"
"1"," "
"1","-"
"1"," "
"1","-"
"1"," "
"1","-"
"1"," "
"1","-"
"1"," "
"1","-"
"1"," "
"1","-"
"1"," "
"1","-"
"1"," "
"1","-"
"1"," "
"1","-"
"1"," "
"1","-"
"1"," "
"1","-"
"1"," "
"1","-"
"1"," "
"1","
"
"1","      "
"1"," chisq"
"1"," df"
"1","      p"
"1","
Age_60"
"1","  6.79"
"1","  1"
"1"," 0.0092"
"1","
GLOBAL"
"1","  6.79"
"1","  1"
"1"," 0.0092"
"1","
"
"1","-"
"1"," "
"1","-"
"1"," "
"1","-"
"1"," "
"1","-"
"1"," "
"1","-"
"1"," "
"1","-"
"1"," "
"1","-"
"1"," "
"1","-"
"1"," "
"1","-"
"1"," "
"1","-"
"1"," "
"1","-"
"1"," "
"1","-"
"1"," "
"1","-"
"1"," "
"1","-"
"1"," "
"1","-"
"1"," "
"1","-"
"1"," "
"1","-"
"1"," "
"1","-"
"1"," "
"1","-"
"1"," "
"1","-"
"1"," "
"1","-"
"1"," "
"1","-"
"1"," "
"1","-"
"1"," "
"1","-"
"1"," "
"1","-"
"1"," "
"1","-"
"1"," "
"1","-"
"1"," "
"1","-"
"1"," "
"1","-"
"1"," "
"1","-"
"1"," "
"1","-"
"1"," "
"1","-"
"1"," "
"1","-"
"1"," "
"1","-"
"1"," "
"1","-"
"1"," "
"1","-"
"1"," "
"1","-"
"1"," "
"1","-"
"1"," "
"1","-"
"1"," "
"1","-"
"1"," "
"1","-"
"1"," "
"1","-"
"1"," "
"1","-"
"1"," "
"1","-"
"1"," "
"1","-"
"1"," "
"1","
"
"1","Schoenfeld Test for Resistant Pancreatic Cancer -"
"1"," "
"1","Age_65"
"1"," "
"1","
"
"1","-"
"1"," "
"1","-"
"1"," "
"1","-"
"1"," "
"1","-"
"1"," "
"1","-"
"1"," "
"1","-"
"1"," "
"1","-"
"1"," "
"1","-"
"1"," "
"1","-"
"1"," "
"1","-"
"1"," "
"1","-"
"1"," "
"1","-"
"1"," "
"1","-"
"1"," "
"1","-"
"1"," "
"1","-"
"1"," "
"1","-"
"1"," "
"1","-"
"1"," "
"1","-"
"1"," "
"1","-"
"1"," "
"1","-"
"1"," "
"1","-"
"1"," "
"1","-"
"1"," "
"1","-"
"1"," "
"1","-"
"1"," "
"1","-"
"1"," "
"1","-"
"1"," "
"1","-"
"1"," "
"1","-"
"1"," "
"1","-"
"1"," "
"1","-"
"1"," "
"1","-"
"1"," "
"1","-"
"1"," "
"1","-"
"1"," "
"1","-"
"1"," "
"1","-"
"1"," "
"1","-"
"1"," "
"1","-"
"1"," "
"1","-"
"1"," "
"1","-"
"1"," "
"1","-"
"1"," "
"1","-"
"1"," "
"1","-"
"1"," "
"1","-"
"1"," "
"1","-"
"1"," "
"1","-"
"1"," "
"1","
"
"1","      "
"1"," chisq"
"1"," df"
"1","    p"
"1","
Age_65"
"1"," 0.354"
"1","  1"
"1"," 0.55"
"1","
GLOBAL"
"1"," 0.354"
"1","  1"
"1"," 0.55"
"1","
"
"1","-"
"1"," "
"1","-"
"1"," "
"1","-"
"1"," "
"1","-"
"1"," "
"1","-"
"1"," "
"1","-"
"1"," "
"1","-"
"1"," "
"1","-"
"1"," "
"1","-"
"1"," "
"1","-"
"1"," "
"1","-"
"1"," "
"1","-"
"1"," "
"1","-"
"1"," "
"1","-"
"1"," "
"1","-"
"1"," "
"1","-"
"1"," "
"1","-"
"1"," "
"1","-"
"1"," "
"1","-"
"1"," "
"1","-"
"1"," "
"1","-"
"1"," "
"1","-"
"1"," "
"1","-"
"1"," "
"1","-"
"1"," "
"1","-"
"1"," "
"1","-"
"1"," "
"1","-"
"1"," "
"1","-"
"1"," "
"1","-"
"1"," "
"1","-"
"1"," "
"1","-"
"1"," "
"1","-"
"1"," "
"1","-"
"1"," "
"1","-"
"1"," "
"1","-"
"1"," "
"1","-"
"1"," "
"1","-"
"1"," "
"1","-"
"1"," "
"1","-"
"1"," "
"1","-"
"1"," "
"1","-"
"1"," "
"1","-"
"1"," "
"1","-"
"1"," "
"1","-"
"1"," "
"1","-"
"1"," "
"1","
"
"1","Schoenfeld Test for Resistant Pancreatic Cancer -"
"1"," "
"1","Age_70"
"1"," "
"1","
"
"1","-"
"1"," "
"1","-"
"1"," "
"1","-"
"1"," "
"1","-"
"1"," "
"1","-"
"1"," "
"1","-"
"1"," "
"1","-"
"1"," "
"1","-"
"1"," "
"1","-"
"1"," "
"1","-"
"1"," "
"1","-"
"1"," "
"1","-"
"1"," "
"1","-"
"1"," "
"1","-"
"1"," "
"1","-"
"1"," "
"1","-"
"1"," "
"1","-"
"1"," "
"1","-"
"1"," "
"1","-"
"1"," "
"1","-"
"1"," "
"1","-"
"1"," "
"1","-"
"1"," "
"1","-"
"1"," "
"1","-"
"1"," "
"1","-"
"1"," "
"1","-"
"1"," "
"1","-"
"1"," "
"1","-"
"1"," "
"1","-"
"1"," "
"1","-"
"1"," "
"1","-"
"1"," "
"1","-"
"1"," "
"1","-"
"1"," "
"1","-"
"1"," "
"1","-"
"1"," "
"1","-"
"1"," "
"1","-"
"1"," "
"1","-"
"1"," "
"1","-"
"1"," "
"1","-"
"1"," "
"1","-"
"1"," "
"1","-"
"1"," "
"1","-"
"1"," "
"1","-"
"1"," "
"1","-"
"1"," "
"1","
"
"1","      "
"1","  chisq"
"1"," df"
"1","    p"
"1","
Age_70"
"1"," 0.0596"
"1","  1"
"1"," 0.81"
"1","
GLOBAL"
"1"," 0.0596"
"1","  1"
"1"," 0.81"
"1","
"
"1","-"
"1"," "
"1","-"
"1"," "
"1","-"
"1"," "
"1","-"
"1"," "
"1","-"
"1"," "
"1","-"
"1"," "
"1","-"
"1"," "
"1","-"
"1"," "
"1","-"
"1"," "
"1","-"
"1"," "
"1","-"
"1"," "
"1","-"
"1"," "
"1","-"
"1"," "
"1","-"
"1"," "
"1","-"
"1"," "
"1","-"
"1"," "
"1","-"
"1"," "
"1","-"
"1"," "
"1","-"
"1"," "
"1","-"
"1"," "
"1","-"
"1"," "
"1","-"
"1"," "
"1","-"
"1"," "
"1","-"
"1"," "
"1","-"
"1"," "
"1","-"
"1"," "
"1","-"
"1"," "
"1","-"
"1"," "
"1","-"
"1"," "
"1","-"
"1"," "
"1","-"
"1"," "
"1","-"
"1"," "
"1","-"
"1"," "
"1","-"
"1"," "
"1","-"
"1"," "
"1","-"
"1"," "
"1","-"
"1"," "
"1","-"
"1"," "
"1","-"
"1"," "
"1","-"
"1"," "
"1","-"
"1"," "
"1","-"
"1"," "
"1","-"
"1"," "
"1","-"
"1"," "
"1","-"
"1"," "
"1","
"
"1","Schoenfeld Test for Resistant Pancreatic Cancer -"
"1"," "
"1","Prognostic_Score_ALAN_category"
"1"," "
"1","
"
"1","-"
"1"," "
"1","-"
"1"," "
"1","-"
"1"," "
"1","-"
"1"," "
"1","-"
"1"," "
"1","-"
"1"," "
"1","-"
"1"," "
"1","-"
"1"," "
"1","-"
"1"," "
"1","-"
"1"," "
"1","-"
"1"," "
"1","-"
"1"," "
"1","-"
"1"," "
"1","-"
"1"," "
"1","-"
"1"," "
"1","-"
"1"," "
"1","-"
"1"," "
"1","-"
"1"," "
"1","-"
"1"," "
"1","-"
"1"," "
"1","-"
"1"," "
"1","-"
"1"," "
"1","-"
"1"," "
"1","-"
"1"," "
"1","-"
"1"," "
"1","-"
"1"," "
"1","-"
"1"," "
"1","-"
"1"," "
"1","-"
"1"," "
"1","-"
"1"," "
"1","-"
"1"," "
"1","-"
"1"," "
"1","-"
"1"," "
"1","-"
"1"," "
"1","-"
"1"," "
"1","-"
"1"," "
"1","-"
"1"," "
"1","-"
"1"," "
"1","-"
"1"," "
"1","-"
"1"," "
"1","-"
"1"," "
"1","-"
"1"," "
"1","-"
"1"," "
"1","-"
"1"," "
"1","-"
"1"," "
"1","
"
"1","                              "
"1"," chisq"
"1"," df"
"1","     p"
"1","
Prognostic_Score_ALAN_category"
"1","  6.55"
"1","  2"
"1"," 0.038"
"1","
GLOBAL                        "
"1","  6.55"
"1","  2"
"1"," 0.038"
"1","
"
