"0","# Initialize lists to store Cox models, p-values, and hazard ratios for NPT"
"0","cox_p_values_list_npt <- list()"
"0","cox_hazard_ratios_list_npt <- list()"
"0",""
"0","# Loop through variables for NPT"
"0","for (col in column_names) {"
"0","  "
"0","   # Extract cutoff and variable name using regular expressions"
"0","  cutoff <- as.numeric(sub(""^.*_(\\d+(\\.\\d+)?)$"", ""\\1"", col))"
"0","  variable <- sub(""^(.*)_\\d+(\\.\\d+)?$"", ""\\1"", col)"
"0","  "
"0","  # Create formula for Cox model"
"0","  formula_npt <- as.formula(paste(""Surv(time_diff_months, Event_Status) ~"", col))"
"0","    "
"0","    # Fit Cox model"
"0","    cox_model_npt <- coxph(formula_npt, data = npt_df)"
"0","    "
"0","    # Print Cox model for NPT"
"0","    cat(rep(""-"", 30), ""\n"")"
"0","    cat(""Cox Proportional Hazards for NPT -"", col, ""\n"")"
"0","    cat(rep(""-"", 30), ""\n"")"
"0","    print(cox_model_npt)"
"0","    "
"0","    # Create properly formatted column name for p-value extraction"
"0","    coef_name_npt <- paste(col, "">= "", cutoff, sep = """")"
"0","    "
"0","    # Check if the variable is Prognostic_Score_ALAN_category"
"0","    if (variable == ""Prognostic_Score_ALAN_category"") {"
"0","      # Treat categorical variable as a factor"
"0","      formula_npt <- as.formula(paste(""Surv(time_diff_months, Event_Status) ~ factor("", col, "")""))"
"0","      "
"0","      # Perform Cox model for Prognostic_Score_ALAN_category"
"0","      cox_model_npt <- coxph(formula_npt, data = npt_df)"
"0","      "
"0","      # Extract p-value"
"0","      cox_p_value_npt <- as.numeric(format(summary(cox_model_npt)$coefficients[, ""Pr(>|z|)""], scientific = TRUE, digits = 3))"
"0","      "
"0","      # Print p-value for NPT"
"0","      cat(""P-value:"", cox_p_value_npt, ""\n"")"
"0","    } else {"
"0","      # Extract p-value"
"0","      cox_p_value_npt <- as.numeric(format(summary(cox_model_npt)$coefficients[coef_name_npt, ""Pr(>|z|)""], scientific = TRUE, digits = 3))"
"0","      "
"0","      # Print p-value for NPT"
"0","      cat(""P-value:"", cox_p_value_npt, ""\n"")"
"0","    }"
"0","    "
"0","    # Extract Hazard Ratio"
"0","    cox_hazard_ratio_npt <- exp(coef(cox_model_npt))"
"0","    "
"0","    # Print Hazard Ratio for NPT"
"0","    cat(""Hazard Ratio:"", cox_hazard_ratio_npt, ""\n"")"
"0","    "
"0","    # Append the results to respective lists for NPT"
"0","    cox_p_values_list_npt[[length(cox_p_values_list_npt) + 1]] <- c(col, cutoff, cox_p_value_npt)"
"0","    cox_hazard_ratios_list_npt[[length(cox_hazard_ratios_list_npt) + 1]] <- c(col, cutoff, cox_hazard_ratio_npt)"
"0","    "
"0","}"
"1","-"
"1"," "
"1","-"
"1"," "
"1","-"
"1"," "
"1","-"
"1"," "
"1","-"
"1"," "
"1","-"
"1"," "
"1","-"
"1"," "
"1","-"
"1"," "
"1","-"
"1"," "
"1","-"
"1"," "
"1","-"
"1"," "
"1","-"
"1"," "
"1","-"
"1"," "
"1","-"
"1"," "
"1","-"
"1"," "
"1","-"
"1"," "
"1","-"
"1"," "
"1","-"
"1"," "
"1","-"
"1"," "
"1","-"
"1"," "
"1","-"
"1"," "
"1","-"
"1"," "
"1","-"
"1"," "
"1","-"
"1"," "
"1","-"
"1"," "
"1","-"
"1"," "
"1","-"
"1"," "
"1","-"
"1"," "
"1","-"
"1"," "
"1","-"
"1"," "
"1","
"
"1","Cox Proportional Hazards for NPT -"
"1"," "
"1","Albumin_3.5"
"1"," "
"1","
"
"1","-"
"1"," "
"1","-"
"1"," "
"1","-"
"1"," "
"1","-"
"1"," "
"1","-"
"1"," "
"1","-"
"1"," "
"1","-"
"1"," "
"1","-"
"1"," "
"1","-"
"1"," "
"1","-"
"1"," "
"1","-"
"1"," "
"1","-"
"1"," "
"1","-"
"1"," "
"1","-"
"1"," "
"1","-"
"1"," "
"1","-"
"1"," "
"1","-"
"1"," "
"1","-"
"1"," "
"1","-"
"1"," "
"1","-"
"1"," "
"1","-"
"1"," "
"1","-"
"1"," "
"1","-"
"1"," "
"1","-"
"1"," "
"1","-"
"1"," "
"1","-"
"1"," "
"1","-"
"1"," "
"1","-"
"1"," "
"1","-"
"1"," "
"1","-"
"1"," "
"1","
"
"1","Call:
"
"1","coxph(formula = formula_npt, data = npt_df)
"
"1","
"
"1","                 "
"1","    coef"
"1"," exp(coef)"
"1"," se(coef)"
"1","      z"
"1","      p"
"1","
Albumin_3.5>= 3.5"
"1"," -1.3242"
"1","    0.2660"
"1","   0.7751"
"1"," -1.708"
"1"," 0.0876"
"1","
"
"1","
"
"1","Likelihood ratio test="
"1",""
"1","2.6"
"1",""
"1","  on "
"1",""
"1","1"
"1",""
"1"," df,"
"1",""
"1"," p="
"1",""
"1","0.1069"
"1",""
"1","
"
"1","n="
"1"," "
"1","19"
"1",", number of events="
"1"," "
"1","9"
"1"," "
"1","
"
"1","P-value:"
"1"," "
"1","0.0876"
"1"," "
"1","
"
"1","Hazard Ratio:"
"1"," "
"1","0.2660126"
"1"," "
"1","
"
"1","-"
"1"," "
"1","-"
"1"," "
"1","-"
"1"," "
"1","-"
"1"," "
"1","-"
"1"," "
"1","-"
"1"," "
"1","-"
"1"," "
"1","-"
"1"," "
"1","-"
"1"," "
"1","-"
"1"," "
"1","-"
"1"," "
"1","-"
"1"," "
"1","-"
"1"," "
"1","-"
"1"," "
"1","-"
"1"," "
"1","-"
"1"," "
"1","-"
"1"," "
"1","-"
"1"," "
"1","-"
"1"," "
"1","-"
"1"," "
"1","-"
"1"," "
"1","-"
"1"," "
"1","-"
"1"," "
"1","-"
"1"," "
"1","-"
"1"," "
"1","-"
"1"," "
"1","-"
"1"," "
"1","-"
"1"," "
"1","-"
"1"," "
"1","-"
"1"," "
"1","
"
"1","Cox Proportional Hazards for NPT -"
"1"," "
"1","LMR_2.1"
"1"," "
"1","
"
"1","-"
"1"," "
"1","-"
"1"," "
"1","-"
"1"," "
"1","-"
"1"," "
"1","-"
"1"," "
"1","-"
"1"," "
"1","-"
"1"," "
"1","-"
"1"," "
"1","-"
"1"," "
"1","-"
"1"," "
"1","-"
"1"," "
"1","-"
"1"," "
"1","-"
"1"," "
"1","-"
"1"," "
"1","-"
"1"," "
"1","-"
"1"," "
"1","-"
"1"," "
"1","-"
"1"," "
"1","-"
"1"," "
"1","-"
"1"," "
"1","-"
"1"," "
"1","-"
"1"," "
"1","-"
"1"," "
"1","-"
"1"," "
"1","-"
"1"," "
"1","-"
"1"," "
"1","-"
"1"," "
"1","-"
"1"," "
"1","-"
"1"," "
"1","-"
"1"," "
"1","
"
"1","Call:
"
"1","coxph(formula = formula_npt, data = npt_df)
"
"1","
"
"1","             "
"1","    coef"
"1"," exp(coef)"
"1"," se(coef)"
"1","      z"
"1","     p"
"1","
LMR_2.1>= 2.1"
"1"," -0.6905"
"1","    0.5013"
"1","   0.6765"
"1"," -1.021"
"1"," 0.307"
"1","
"
"1","
"
"1","Likelihood ratio test="
"1",""
"1","1.05"
"1",""
"1","  on "
"1",""
"1","1"
"1",""
"1"," df,"
"1",""
"1"," p="
"1",""
"1","0.3061"
"1",""
"1","
"
"1","n="
"1"," "
"1","19"
"1",", number of events="
"1"," "
"1","9"
"1"," "
"1","
"
"1","P-value:"
"1"," "
"1","0.307"
"1"," "
"1","
"
"1","Hazard Ratio:"
"1"," "
"1","0.5013229"
"1"," "
"1","
"
"1","-"
"1"," "
"1","-"
"1"," "
"1","-"
"1"," "
"1","-"
"1"," "
"1","-"
"1"," "
"1","-"
"1"," "
"1","-"
"1"," "
"1","-"
"1"," "
"1","-"
"1"," "
"1","-"
"1"," "
"1","-"
"1"," "
"1","-"
"1"," "
"1","-"
"1"," "
"1","-"
"1"," "
"1","-"
"1"," "
"1","-"
"1"," "
"1","-"
"1"," "
"1","-"
"1"," "
"1","-"
"1"," "
"1","-"
"1"," "
"1","-"
"1"," "
"1","-"
"1"," "
"1","-"
"1"," "
"1","-"
"1"," "
"1","-"
"1"," "
"1","-"
"1"," "
"1","-"
"1"," "
"1","-"
"1"," "
"1","-"
"1"," "
"1","-"
"1"," "
"1","
"
"1","Cox Proportional Hazards for NPT -"
"1"," "
"1","MON_0.8"
"1"," "
"1","
"
"1","-"
"1"," "
"1","-"
"1"," "
"1","-"
"1"," "
"1","-"
"1"," "
"1","-"
"1"," "
"1","-"
"1"," "
"1","-"
"1"," "
"1","-"
"1"," "
"1","-"
"1"," "
"1","-"
"1"," "
"1","-"
"1"," "
"1","-"
"1"," "
"1","-"
"1"," "
"1","-"
"1"," "
"1","-"
"1"," "
"1","-"
"1"," "
"1","-"
"1"," "
"1","-"
"1"," "
"1","-"
"1"," "
"1","-"
"1"," "
"1","-"
"1"," "
"1","-"
"1"," "
"1","-"
"1"," "
"1","-"
"1"," "
"1","-"
"1"," "
"1","-"
"1"," "
"1","-"
"1"," "
"1","-"
"1"," "
"1","-"
"1"," "
"1","-"
"1"," "
"1","
"
"1","Call:
"
"1","coxph(formula = formula_npt, data = npt_df)
"
"1","
"
"1","             "
"1","   coef"
"1"," exp(coef)"
"1"," se(coef)"
"1","     z"
"1","      p"
"1","
MON_0.8>= 0.8"
"1"," 1.2781"
"1","    3.5897"
"1","   0.7168"
"1"," 1.783"
"1"," 0.0746"
"1","
"
"1","
"
"1","Likelihood ratio test="
"1",""
"1","3.43"
"1",""
"1","  on "
"1",""
"1","1"
"1",""
"1"," df,"
"1",""
"1"," p="
"1",""
"1","0.06396"
"1",""
"1","
"
"1","n="
"1"," "
"1","19"
"1",", number of events="
"1"," "
"1","9"
"1"," "
"1","
"
"1","P-value:"
"1"," "
"1","0.0746"
"1"," "
"1","
"
"1","Hazard Ratio:"
"1"," "
"1","3.589704"
"1"," "
"1","
"
"1","-"
"1"," "
"1","-"
"1"," "
"1","-"
"1"," "
"1","-"
"1"," "
"1","-"
"1"," "
"1","-"
"1"," "
"1","-"
"1"," "
"1","-"
"1"," "
"1","-"
"1"," "
"1","-"
"1"," "
"1","-"
"1"," "
"1","-"
"1"," "
"1","-"
"1"," "
"1","-"
"1"," "
"1","-"
"1"," "
"1","-"
"1"," "
"1","-"
"1"," "
"1","-"
"1"," "
"1","-"
"1"," "
"1","-"
"1"," "
"1","-"
"1"," "
"1","-"
"1"," "
"1","-"
"1"," "
"1","-"
"1"," "
"1","-"
"1"," "
"1","-"
"1"," "
"1","-"
"1"," "
"1","-"
"1"," "
"1","-"
"1"," "
"1","-"
"1"," "
"1","
"
"1","Cox Proportional Hazards for NPT -"
"1"," "
"1","LY_1.5"
"1"," "
"1","
"
"1","-"
"1"," "
"1","-"
"1"," "
"1","-"
"1"," "
"1","-"
"1"," "
"1","-"
"1"," "
"1","-"
"1"," "
"1","-"
"1"," "
"1","-"
"1"," "
"1","-"
"1"," "
"1","-"
"1"," "
"1","-"
"1"," "
"1","-"
"1"," "
"1","-"
"1"," "
"1","-"
"1"," "
"1","-"
"1"," "
"1","-"
"1"," "
"1","-"
"1"," "
"1","-"
"1"," "
"1","-"
"1"," "
"1","-"
"1"," "
"1","-"
"1"," "
"1","-"
"1"," "
"1","-"
"1"," "
"1","-"
"1"," "
"1","-"
"1"," "
"1","-"
"1"," "
"1","-"
"1"," "
"1","-"
"1"," "
"1","-"
"1"," "
"1","-"
"1"," "
"1","
"
"1","Call:
"
"1","coxph(formula = formula_npt, data = npt_df)
"
"1","
"
"1","            "
"1","     coef"
"1"," exp(coef)"
"1"," se(coef)"
"1","      z"
"1","     p"
"1","
LY_1.5>= 1.5"
"1"," -0.01567"
"1","   0.98445"
"1","  0.84237"
"1"," -0.019"
"1"," 0.985"
"1","
"
"1","
"
"1","Likelihood ratio test="
"1",""
"1","0"
"1",""
"1","  on "
"1",""
"1","1"
"1",""
"1"," df,"
"1",""
"1"," p="
"1",""
"1","0.9852"
"1",""
"1","
"
"1","n="
"1"," "
"1","19"
"1",", number of events="
"1"," "
"1","9"
"1"," "
"1","
"
"1","P-value:"
"1"," "
"1","0.985"
"1"," "
"1","
"
"1","Hazard Ratio:"
"1"," "
"1","0.9844537"
"1"," "
"1","
"
"1","-"
"1"," "
"1","-"
"1"," "
"1","-"
"1"," "
"1","-"
"1"," "
"1","-"
"1"," "
"1","-"
"1"," "
"1","-"
"1"," "
"1","-"
"1"," "
"1","-"
"1"," "
"1","-"
"1"," "
"1","-"
"1"," "
"1","-"
"1"," "
"1","-"
"1"," "
"1","-"
"1"," "
"1","-"
"1"," "
"1","-"
"1"," "
"1","-"
"1"," "
"1","-"
"1"," "
"1","-"
"1"," "
"1","-"
"1"," "
"1","-"
"1"," "
"1","-"
"1"," "
"1","-"
"1"," "
"1","-"
"1"," "
"1","-"
"1"," "
"1","-"
"1"," "
"1","-"
"1"," "
"1","-"
"1"," "
"1","-"
"1"," "
"1","-"
"1"," "
"1","
"
"1","Cox Proportional Hazards for NPT -"
"1"," "
"1","ANC_4"
"1"," "
"1","
"
"1","-"
"1"," "
"1","-"
"1"," "
"1","-"
"1"," "
"1","-"
"1"," "
"1","-"
"1"," "
"1","-"
"1"," "
"1","-"
"1"," "
"1","-"
"1"," "
"1","-"
"1"," "
"1","-"
"1"," "
"1","-"
"1"," "
"1","-"
"1"," "
"1","-"
"1"," "
"1","-"
"1"," "
"1","-"
"1"," "
"1","-"
"1"," "
"1","-"
"1"," "
"1","-"
"1"," "
"1","-"
"1"," "
"1","-"
"1"," "
"1","-"
"1"," "
"1","-"
"1"," "
"1","-"
"1"," "
"1","-"
"1"," "
"1","-"
"1"," "
"1","-"
"1"," "
"1","-"
"1"," "
"1","-"
"1"," "
"1","-"
"1"," "
"1","-"
"1"," "
"1","
"
"1","Call:
"
"1","coxph(formula = formula_npt, data = npt_df)
"
"1","
"
"1","         "
"1","   coef"
"1"," exp(coef)"
"1"," se(coef)"
"1","     z"
"1","     p"
"1","
ANC_4>= 4"
"1"," 0.3791"
"1","    1.4610"
"1","   0.8284"
"1"," 0.458"
"1"," 0.647"
"1","
"
"1","
"
"1","Likelihood ratio test="
"1",""
"1","0.22"
"1",""
"1","  on "
"1",""
"1","1"
"1",""
"1"," df,"
"1",""
"1"," p="
"1",""
"1","0.6373"
"1",""
"1","
"
"1","n="
"1"," "
"1","19"
"1",", number of events="
"1"," "
"1","9"
"1"," "
"1","
"
"1","P-value:"
"1"," "
"1","0.647"
"1"," "
"1","
"
"1","Hazard Ratio:"
"1"," "
"1","1.460986"
"1"," "
"1","
"
"1","-"
"1"," "
"1","-"
"1"," "
"1","-"
"1"," "
"1","-"
"1"," "
"1","-"
"1"," "
"1","-"
"1"," "
"1","-"
"1"," "
"1","-"
"1"," "
"1","-"
"1"," "
"1","-"
"1"," "
"1","-"
"1"," "
"1","-"
"1"," "
"1","-"
"1"," "
"1","-"
"1"," "
"1","-"
"1"," "
"1","-"
"1"," "
"1","-"
"1"," "
"1","-"
"1"," "
"1","-"
"1"," "
"1","-"
"1"," "
"1","-"
"1"," "
"1","-"
"1"," "
"1","-"
"1"," "
"1","-"
"1"," "
"1","-"
"1"," "
"1","-"
"1"," "
"1","-"
"1"," "
"1","-"
"1"," "
"1","-"
"1"," "
"1","-"
"1"," "
"1","
"
"1","Cox Proportional Hazards for NPT -"
"1"," "
"1","ANC_8"
"1"," "
"1","
"
"1","-"
"1"," "
"1","-"
"1"," "
"1","-"
"1"," "
"1","-"
"1"," "
"1","-"
"1"," "
"1","-"
"1"," "
"1","-"
"1"," "
"1","-"
"1"," "
"1","-"
"1"," "
"1","-"
"1"," "
"1","-"
"1"," "
"1","-"
"1"," "
"1","-"
"1"," "
"1","-"
"1"," "
"1","-"
"1"," "
"1","-"
"1"," "
"1","-"
"1"," "
"1","-"
"1"," "
"1","-"
"1"," "
"1","-"
"1"," "
"1","-"
"1"," "
"1","-"
"1"," "
"1","-"
"1"," "
"1","-"
"1"," "
"1","-"
"1"," "
"1","-"
"1"," "
"1","-"
"1"," "
"1","-"
"1"," "
"1","-"
"1"," "
"1","-"
"1"," "
"1","
"
"1","Call:
"
"1","coxph(formula = formula_npt, data = npt_df)
"
"1","
"
"1","         "
"1","   coef"
"1"," exp(coef)"
"1"," se(coef)"
"1","     z"
"1","     p"
"1","
ANC_8>= 8"
"1"," 2.2058"
"1","    9.0779"
"1","   0.8879"
"1"," 2.484"
"1"," 0.013"
"1","
"
"1","
"
"1","Likelihood ratio test="
"1",""
"1","6.52"
"1",""
"1","  on "
"1",""
"1","1"
"1",""
"1"," df,"
"1",""
"1"," p="
"1",""
"1","0.01066"
"1",""
"1","
"
"1","n="
"1"," "
"1","19"
"1",", number of events="
"1"," "
"1","9"
"1"," "
"1","
"
"1","P-value:"
"1"," "
"1","0.013"
"1"," "
"1","
"
"1","Hazard Ratio:"
"1"," "
"1","9.07794"
"1"," "
"1","
"
"1","-"
"1"," "
"1","-"
"1"," "
"1","-"
"1"," "
"1","-"
"1"," "
"1","-"
"1"," "
"1","-"
"1"," "
"1","-"
"1"," "
"1","-"
"1"," "
"1","-"
"1"," "
"1","-"
"1"," "
"1","-"
"1"," "
"1","-"
"1"," "
"1","-"
"1"," "
"1","-"
"1"," "
"1","-"
"1"," "
"1","-"
"1"," "
"1","-"
"1"," "
"1","-"
"1"," "
"1","-"
"1"," "
"1","-"
"1"," "
"1","-"
"1"," "
"1","-"
"1"," "
"1","-"
"1"," "
"1","-"
"1"," "
"1","-"
"1"," "
"1","-"
"1"," "
"1","-"
"1"," "
"1","-"
"1"," "
"1","-"
"1"," "
"1","-"
"1"," "
"1","
"
"1","Cox Proportional Hazards for NPT -"
"1"," "
"1","NLR_3"
"1"," "
"1","
"
"1","-"
"1"," "
"1","-"
"1"," "
"1","-"
"1"," "
"1","-"
"1"," "
"1","-"
"1"," "
"1","-"
"1"," "
"1","-"
"1"," "
"1","-"
"1"," "
"1","-"
"1"," "
"1","-"
"1"," "
"1","-"
"1"," "
"1","-"
"1"," "
"1","-"
"1"," "
"1","-"
"1"," "
"1","-"
"1"," "
"1","-"
"1"," "
"1","-"
"1"," "
"1","-"
"1"," "
"1","-"
"1"," "
"1","-"
"1"," "
"1","-"
"1"," "
"1","-"
"1"," "
"1","-"
"1"," "
"1","-"
"1"," "
"1","-"
"1"," "
"1","-"
"1"," "
"1","-"
"1"," "
"1","-"
"1"," "
"1","-"
"1"," "
"1","-"
"1"," "
"1","
"
"1","Call:
"
"1","coxph(formula = formula_npt, data = npt_df)
"
"1","
"
"1","         "
"1","   coef"
"1"," exp(coef)"
"1"," se(coef)"
"1","     z"
"1","      p"
"1","
NLR_3>= 3"
"1","  2.425"
"1","    11.304"
"1","    1.105"
"1"," 2.196"
"1"," 0.0281"
"1","
"
"1","
"
"1","Likelihood ratio test="
"1",""
"1","6.94"
"1",""
"1","  on "
"1",""
"1","1"
"1",""
"1"," df,"
"1",""
"1"," p="
"1",""
"1","0.008417"
"1",""
"1","
"
"1","n="
"1"," "
"1","19"
"1",", number of events="
"1"," "
"1","9"
"1"," "
"1","
"
"1","P-value:"
"1"," "
"1","0.0281"
"1"," "
"1","
"
"1","Hazard Ratio:"
"1"," "
"1","11.30368"
"1"," "
"1","
"
"1","-"
"1"," "
"1","-"
"1"," "
"1","-"
"1"," "
"1","-"
"1"," "
"1","-"
"1"," "
"1","-"
"1"," "
"1","-"
"1"," "
"1","-"
"1"," "
"1","-"
"1"," "
"1","-"
"1"," "
"1","-"
"1"," "
"1","-"
"1"," "
"1","-"
"1"," "
"1","-"
"1"," "
"1","-"
"1"," "
"1","-"
"1"," "
"1","-"
"1"," "
"1","-"
"1"," "
"1","-"
"1"," "
"1","-"
"1"," "
"1","-"
"1"," "
"1","-"
"1"," "
"1","-"
"1"," "
"1","-"
"1"," "
"1","-"
"1"," "
"1","-"
"1"," "
"1","-"
"1"," "
"1","-"
"1"," "
"1","-"
"1"," "
"1","-"
"1"," "
"1","
"
"1","Cox Proportional Hazards for NPT -"
"1"," "
"1","NLR_5"
"1"," "
"1","
"
"1","-"
"1"," "
"1","-"
"1"," "
"1","-"
"1"," "
"1","-"
"1"," "
"1","-"
"1"," "
"1","-"
"1"," "
"1","-"
"1"," "
"1","-"
"1"," "
"1","-"
"1"," "
"1","-"
"1"," "
"1","-"
"1"," "
"1","-"
"1"," "
"1","-"
"1"," "
"1","-"
"1"," "
"1","-"
"1"," "
"1","-"
"1"," "
"1","-"
"1"," "
"1","-"
"1"," "
"1","-"
"1"," "
"1","-"
"1"," "
"1","-"
"1"," "
"1","-"
"1"," "
"1","-"
"1"," "
"1","-"
"1"," "
"1","-"
"1"," "
"1","-"
"1"," "
"1","-"
"1"," "
"1","-"
"1"," "
"1","-"
"1"," "
"1","-"
"1"," "
"1","
"
"1","Call:
"
"1","coxph(formula = formula_npt, data = npt_df)
"
"1","
"
"1","         "
"1","   coef"
"1"," exp(coef)"
"1"," se(coef)"
"1","     z"
"1","     p"
"1","
NLR_5>= 5"
"1"," 1.2339"
"1","    3.4347"
"1","   0.8231"
"1"," 1.499"
"1"," 0.134"
"1","
"
"1","
"
"1","Likelihood ratio test="
"1",""
"1","2.12"
"1",""
"1","  on "
"1",""
"1","1"
"1",""
"1"," df,"
"1",""
"1"," p="
"1",""
"1","0.145"
"1",""
"1","
"
"1","n="
"1"," "
"1","19"
"1",", number of events="
"1"," "
"1","9"
"1"," "
"1","
"
"1","P-value:"
"1"," "
"1","0.134"
"1"," "
"1","
"
"1","Hazard Ratio:"
"1"," "
"1","3.43473"
"1"," "
"1","
"
"1","-"
"1"," "
"1","-"
"1"," "
"1","-"
"1"," "
"1","-"
"1"," "
"1","-"
"1"," "
"1","-"
"1"," "
"1","-"
"1"," "
"1","-"
"1"," "
"1","-"
"1"," "
"1","-"
"1"," "
"1","-"
"1"," "
"1","-"
"1"," "
"1","-"
"1"," "
"1","-"
"1"," "
"1","-"
"1"," "
"1","-"
"1"," "
"1","-"
"1"," "
"1","-"
"1"," "
"1","-"
"1"," "
"1","-"
"1"," "
"1","-"
"1"," "
"1","-"
"1"," "
"1","-"
"1"," "
"1","-"
"1"," "
"1","-"
"1"," "
"1","-"
"1"," "
"1","-"
"1"," "
"1","-"
"1"," "
"1","-"
"1"," "
"1","-"
"1"," "
"1","
"
"1","Cox Proportional Hazards for NPT -"
"1"," "
"1","PLT_300"
"1"," "
"1","
"
"1","-"
"1"," "
"1","-"
"1"," "
"1","-"
"1"," "
"1","-"
"1"," "
"1","-"
"1"," "
"1","-"
"1"," "
"1","-"
"1"," "
"1","-"
"1"," "
"1","-"
"1"," "
"1","-"
"1"," "
"1","-"
"1"," "
"1","-"
"1"," "
"1","-"
"1"," "
"1","-"
"1"," "
"1","-"
"1"," "
"1","-"
"1"," "
"1","-"
"1"," "
"1","-"
"1"," "
"1","-"
"1"," "
"1","-"
"1"," "
"1","-"
"1"," "
"1","-"
"1"," "
"1","-"
"1"," "
"1","-"
"1"," "
"1","-"
"1"," "
"1","-"
"1"," "
"1","-"
"1"," "
"1","-"
"1"," "
"1","-"
"1"," "
"1","-"
"1"," "
"1","
"
"1","Call:
"
"1","coxph(formula = formula_npt, data = npt_df)
"
"1","
"
"1","             "
"1","  coef"
"1"," exp(coef)"
"1"," se(coef)"
"1","     z"
"1","      p"
"1","
PLT_300>= 300"
"1"," 2.067"
"1","     7.904"
"1","    1.097"
"1"," 1.885"
"1"," 0.0595"
"1","
"
"1","
"
"1","Likelihood ratio test="
"1",""
"1","5.03"
"1",""
"1","  on "
"1",""
"1","1"
"1",""
"1"," df,"
"1",""
"1"," p="
"1",""
"1","0.0249"
"1",""
"1","
"
"1","n="
"1"," "
"1","19"
"1",", number of events="
"1"," "
"1","9"
"1"," "
"1","
"
"1","P-value:"
"1"," "
"1","0.0595"
"1"," "
"1","
"
"1","Hazard Ratio:"
"1"," "
"1","7.903976"
"1"," "
"1","
"
"1","-"
"1"," "
"1","-"
"1"," "
"1","-"
"1"," "
"1","-"
"1"," "
"1","-"
"1"," "
"1","-"
"1"," "
"1","-"
"1"," "
"1","-"
"1"," "
"1","-"
"1"," "
"1","-"
"1"," "
"1","-"
"1"," "
"1","-"
"1"," "
"1","-"
"1"," "
"1","-"
"1"," "
"1","-"
"1"," "
"1","-"
"1"," "
"1","-"
"1"," "
"1","-"
"1"," "
"1","-"
"1"," "
"1","-"
"1"," "
"1","-"
"1"," "
"1","-"
"1"," "
"1","-"
"1"," "
"1","-"
"1"," "
"1","-"
"1"," "
"1","-"
"1"," "
"1","-"
"1"," "
"1","-"
"1"," "
"1","-"
"1"," "
"1","-"
"1"," "
"1","
"
"1","Cox Proportional Hazards for NPT -"
"1"," "
"1","Alk_Phos_135"
"1"," "
"1","
"
"1","-"
"1"," "
"1","-"
"1"," "
"1","-"
"1"," "
"1","-"
"1"," "
"1","-"
"1"," "
"1","-"
"1"," "
"1","-"
"1"," "
"1","-"
"1"," "
"1","-"
"1"," "
"1","-"
"1"," "
"1","-"
"1"," "
"1","-"
"1"," "
"1","-"
"1"," "
"1","-"
"1"," "
"1","-"
"1"," "
"1","-"
"1"," "
"1","-"
"1"," "
"1","-"
"1"," "
"1","-"
"1"," "
"1","-"
"1"," "
"1","-"
"1"," "
"1","-"
"1"," "
"1","-"
"1"," "
"1","-"
"1"," "
"1","-"
"1"," "
"1","-"
"1"," "
"1","-"
"1"," "
"1","-"
"1"," "
"1","-"
"1"," "
"1","-"
"1"," "
"1","
"
"1","Call:
"
"1","coxph(formula = formula_npt, data = npt_df)
"
"1","
"
"1","                  "
"1","   coef"
"1"," exp(coef)"
"1"," se(coef)"
"1","    z"
"1","     p"
"1","
Alk_Phos_135>= 135"
"1"," 1.3130"
"1","    3.7173"
"1","   0.8528"
"1"," 1.54"
"1"," 0.124"
"1","
"
"1","
"
"1","Likelihood ratio test="
"1",""
"1","2.67"
"1",""
"1","  on "
"1",""
"1","1"
"1",""
"1"," df,"
"1",""
"1"," p="
"1",""
"1","0.1023"
"1",""
"1","
"
"1","n="
"1"," "
"1","19"
"1",", number of events="
"1"," "
"1","9"
"1"," "
"1","
"
"1","P-value:"
"1"," "
"1","0.124"
"1"," "
"1","
"
"1","Hazard Ratio:"
"1"," "
"1","3.717299"
"1"," "
"1","
"
"1","-"
"1"," "
"1","-"
"1"," "
"1","-"
"1"," "
"1","-"
"1"," "
"1","-"
"1"," "
"1","-"
"1"," "
"1","-"
"1"," "
"1","-"
"1"," "
"1","-"
"1"," "
"1","-"
"1"," "
"1","-"
"1"," "
"1","-"
"1"," "
"1","-"
"1"," "
"1","-"
"1"," "
"1","-"
"1"," "
"1","-"
"1"," "
"1","-"
"1"," "
"1","-"
"1"," "
"1","-"
"1"," "
"1","-"
"1"," "
"1","-"
"1"," "
"1","-"
"1"," "
"1","-"
"1"," "
"1","-"
"1"," "
"1","-"
"1"," "
"1","-"
"1"," "
"1","-"
"1"," "
"1","-"
"1"," "
"1","-"
"1"," "
"1","-"
"1"," "
"1","
"
"1","Cox Proportional Hazards for NPT -"
"1"," "
"1","Alk_Phos_200"
"1"," "
"1","
"
"1","-"
"1"," "
"1","-"
"1"," "
"1","-"
"1"," "
"1","-"
"1"," "
"1","-"
"1"," "
"1","-"
"1"," "
"1","-"
"1"," "
"1","-"
"1"," "
"1","-"
"1"," "
"1","-"
"1"," "
"1","-"
"1"," "
"1","-"
"1"," "
"1","-"
"1"," "
"1","-"
"1"," "
"1","-"
"1"," "
"1","-"
"1"," "
"1","-"
"1"," "
"1","-"
"1"," "
"1","-"
"1"," "
"1","-"
"1"," "
"1","-"
"1"," "
"1","-"
"1"," "
"1","-"
"1"," "
"1","-"
"1"," "
"1","-"
"1"," "
"1","-"
"1"," "
"1","-"
"1"," "
"1","-"
"1"," "
"1","-"
"1"," "
"1","-"
"1"," "
"1","
"
"1","Call:
"
"1","coxph(formula = formula_npt, data = npt_df)
"
"1","
"
"1","                  "
"1","   coef"
"1"," exp(coef)"
"1"," se(coef)"
"1","     z"
"1","     p"
"1","
Alk_Phos_200>= 200"
"1"," 0.9569"
"1","    2.6037"
"1","   0.7685"
"1"," 1.245"
"1"," 0.213"
"1","
"
"1","
"
"1","Likelihood ratio test="
"1",""
"1","1.56"
"1",""
"1","  on "
"1",""
"1","1"
"1",""
"1"," df,"
"1",""
"1"," p="
"1",""
"1","0.2111"
"1",""
"1","
"
"1","n="
"1"," "
"1","19"
"1",", number of events="
"1"," "
"1","9"
"1"," "
"1","
"
"1","P-value:"
"1"," "
"1","0.213"
"1"," "
"1","
"
"1","Hazard Ratio:"
"1"," "
"1","2.603669"
"1"," "
"1","
"
"1","-"
"1"," "
"1","-"
"1"," "
"1","-"
"1"," "
"1","-"
"1"," "
"1","-"
"1"," "
"1","-"
"1"," "
"1","-"
"1"," "
"1","-"
"1"," "
"1","-"
"1"," "
"1","-"
"1"," "
"1","-"
"1"," "
"1","-"
"1"," "
"1","-"
"1"," "
"1","-"
"1"," "
"1","-"
"1"," "
"1","-"
"1"," "
"1","-"
"1"," "
"1","-"
"1"," "
"1","-"
"1"," "
"1","-"
"1"," "
"1","-"
"1"," "
"1","-"
"1"," "
"1","-"
"1"," "
"1","-"
"1"," "
"1","-"
"1"," "
"1","-"
"1"," "
"1","-"
"1"," "
"1","-"
"1"," "
"1","-"
"1"," "
"1","-"
"1"," "
"1","
"
"1","Cox Proportional Hazards for NPT -"
"1"," "
"1","Age_60"
"1"," "
"1","
"
"1","-"
"1"," "
"1","-"
"1"," "
"1","-"
"1"," "
"1","-"
"1"," "
"1","-"
"1"," "
"1","-"
"1"," "
"1","-"
"1"," "
"1","-"
"1"," "
"1","-"
"1"," "
"1","-"
"1"," "
"1","-"
"1"," "
"1","-"
"1"," "
"1","-"
"1"," "
"1","-"
"1"," "
"1","-"
"1"," "
"1","-"
"1"," "
"1","-"
"1"," "
"1","-"
"1"," "
"1","-"
"1"," "
"1","-"
"1"," "
"1","-"
"1"," "
"1","-"
"1"," "
"1","-"
"1"," "
"1","-"
"1"," "
"1","-"
"1"," "
"1","-"
"1"," "
"1","-"
"1"," "
"1","-"
"1"," "
"1","-"
"1"," "
"1","-"
"1"," "
"1","
"
"1","Call:
"
"1","coxph(formula = formula_npt, data = npt_df)
"
"1","
"
"1","           "
"1","  coef"
"1"," exp(coef)"
"1"," se(coef)"
"1","     z"
"1","     p"
"1","
Age_60>= 60"
"1"," 1.043"
"1","     2.838"
"1","    1.079"
"1"," 0.966"
"1"," 0.334"
"1","
"
"1","
"
"1","Likelihood ratio test="
"1",""
"1","1.19"
"1",""
"1","  on "
"1",""
"1","1"
"1",""
"1"," df,"
"1",""
"1"," p="
"1",""
"1","0.2747"
"1",""
"1","
"
"1","n="
"1"," "
"1","19"
"1",", number of events="
"1"," "
"1","9"
"1"," "
"1","
"
"1","P-value:"
"1"," "
"1","0.334"
"1"," "
"1","
"
"1","Hazard Ratio:"
"1"," "
"1","2.837946"
"1"," "
"1","
"
"1","-"
"1"," "
"1","-"
"1"," "
"1","-"
"1"," "
"1","-"
"1"," "
"1","-"
"1"," "
"1","-"
"1"," "
"1","-"
"1"," "
"1","-"
"1"," "
"1","-"
"1"," "
"1","-"
"1"," "
"1","-"
"1"," "
"1","-"
"1"," "
"1","-"
"1"," "
"1","-"
"1"," "
"1","-"
"1"," "
"1","-"
"1"," "
"1","-"
"1"," "
"1","-"
"1"," "
"1","-"
"1"," "
"1","-"
"1"," "
"1","-"
"1"," "
"1","-"
"1"," "
"1","-"
"1"," "
"1","-"
"1"," "
"1","-"
"1"," "
"1","-"
"1"," "
"1","-"
"1"," "
"1","-"
"1"," "
"1","-"
"1"," "
"1","-"
"1"," "
"1","
"
"1","Cox Proportional Hazards for NPT -"
"1"," "
"1","Age_65"
"1"," "
"1","
"
"1","-"
"1"," "
"1","-"
"1"," "
"1","-"
"1"," "
"1","-"
"1"," "
"1","-"
"1"," "
"1","-"
"1"," "
"1","-"
"1"," "
"1","-"
"1"," "
"1","-"
"1"," "
"1","-"
"1"," "
"1","-"
"1"," "
"1","-"
"1"," "
"1","-"
"1"," "
"1","-"
"1"," "
"1","-"
"1"," "
"1","-"
"1"," "
"1","-"
"1"," "
"1","-"
"1"," "
"1","-"
"1"," "
"1","-"
"1"," "
"1","-"
"1"," "
"1","-"
"1"," "
"1","-"
"1"," "
"1","-"
"1"," "
"1","-"
"1"," "
"1","-"
"1"," "
"1","-"
"1"," "
"1","-"
"1"," "
"1","-"
"1"," "
"1","-"
"1"," "
"1","
"
"1","Call:
"
"1","coxph(formula = formula_npt, data = npt_df)
"
"1","
"
"1","           "
"1","   coef"
"1"," exp(coef)"
"1"," se(coef)"
"1","     z"
"1","     p"
"1","
Age_65>= 65"
"1"," 0.8981"
"1","    2.4550"
"1","   0.8245"
"1"," 1.089"
"1"," 0.276"
"1","
"
"1","
"
"1","Likelihood ratio test="
"1",""
"1","1.36"
"1",""
"1","  on "
"1",""
"1","1"
"1",""
"1"," df,"
"1",""
"1"," p="
"1",""
"1","0.2443"
"1",""
"1","
"
"1","n="
"1"," "
"1","19"
"1",", number of events="
"1"," "
"1","9"
"1"," "
"1","
"
"1","P-value:"
"1"," "
"1","0.276"
"1"," "
"1","
"
"1","Hazard Ratio:"
"1"," "
"1","2.454952"
"1"," "
"1","
"
"1","-"
"1"," "
"1","-"
"1"," "
"1","-"
"1"," "
"1","-"
"1"," "
"1","-"
"1"," "
"1","-"
"1"," "
"1","-"
"1"," "
"1","-"
"1"," "
"1","-"
"1"," "
"1","-"
"1"," "
"1","-"
"1"," "
"1","-"
"1"," "
"1","-"
"1"," "
"1","-"
"1"," "
"1","-"
"1"," "
"1","-"
"1"," "
"1","-"
"1"," "
"1","-"
"1"," "
"1","-"
"1"," "
"1","-"
"1"," "
"1","-"
"1"," "
"1","-"
"1"," "
"1","-"
"1"," "
"1","-"
"1"," "
"1","-"
"1"," "
"1","-"
"1"," "
"1","-"
"1"," "
"1","-"
"1"," "
"1","-"
"1"," "
"1","-"
"1"," "
"1","
"
"1","Cox Proportional Hazards for NPT -"
"1"," "
"1","Age_70"
"1"," "
"1","
"
"1","-"
"1"," "
"1","-"
"1"," "
"1","-"
"1"," "
"1","-"
"1"," "
"1","-"
"1"," "
"1","-"
"1"," "
"1","-"
"1"," "
"1","-"
"1"," "
"1","-"
"1"," "
"1","-"
"1"," "
"1","-"
"1"," "
"1","-"
"1"," "
"1","-"
"1"," "
"1","-"
"1"," "
"1","-"
"1"," "
"1","-"
"1"," "
"1","-"
"1"," "
"1","-"
"1"," "
"1","-"
"1"," "
"1","-"
"1"," "
"1","-"
"1"," "
"1","-"
"1"," "
"1","-"
"1"," "
"1","-"
"1"," "
"1","-"
"1"," "
"1","-"
"1"," "
"1","-"
"1"," "
"1","-"
"1"," "
"1","-"
"1"," "
"1","-"
"1"," "
"1","
"
"1","Call:
"
"1","coxph(formula = formula_npt, data = npt_df)
"
"1","
"
"1","           "
"1","   coef"
"1"," exp(coef)"
"1"," se(coef)"
"1","     z"
"1","     p"
"1","
Age_70>= 70"
"1"," 1.2175"
"1","    3.3786"
"1","   0.8518"
"1"," 1.429"
"1"," 0.153"
"1","
"
"1","
"
"1","Likelihood ratio test="
"1",""
"1","2.3"
"1",""
"1","  on "
"1",""
"1","1"
"1",""
"1"," df,"
"1",""
"1"," p="
"1",""
"1","0.1297"
"1",""
"1","
"
"1","n="
"1"," "
"1","19"
"1",", number of events="
"1"," "
"1","9"
"1"," "
"1","
"
"1","P-value:"
"1"," "
"1","0.153"
"1"," "
"1","
"
"1","Hazard Ratio:"
"1"," "
"1","3.378602"
"1"," "
"1","
"
"2","Warning: NAs introduced by coercion"
"1","-"
"1"," "
"1","-"
"1"," "
"1","-"
"1"," "
"1","-"
"1"," "
"1","-"
"1"," "
"1","-"
"1"," "
"1","-"
"1"," "
"1","-"
"1"," "
"1","-"
"1"," "
"1","-"
"1"," "
"1","-"
"1"," "
"1","-"
"1"," "
"1","-"
"1"," "
"1","-"
"1"," "
"1","-"
"1"," "
"1","-"
"1"," "
"1","-"
"1"," "
"1","-"
"1"," "
"1","-"
"1"," "
"1","-"
"1"," "
"1","-"
"1"," "
"1","-"
"1"," "
"1","-"
"1"," "
"1","-"
"1"," "
"1","-"
"1"," "
"1","-"
"1"," "
"1","-"
"1"," "
"1","-"
"1"," "
"1","-"
"1"," "
"1","-"
"1"," "
"1","
"
"1","Cox Proportional Hazards for NPT -"
"1"," "
"1","Prognostic_Score_ALAN_category"
"1"," "
"1","
"
"1","-"
"1"," "
"1","-"
"1"," "
"1","-"
"1"," "
"1","-"
"1"," "
"1","-"
"1"," "
"1","-"
"1"," "
"1","-"
"1"," "
"1","-"
"1"," "
"1","-"
"1"," "
"1","-"
"1"," "
"1","-"
"1"," "
"1","-"
"1"," "
"1","-"
"1"," "
"1","-"
"1"," "
"1","-"
"1"," "
"1","-"
"1"," "
"1","-"
"1"," "
"1","-"
"1"," "
"1","-"
"1"," "
"1","-"
"1"," "
"1","-"
"1"," "
"1","-"
"1"," "
"1","-"
"1"," "
"1","-"
"1"," "
"1","-"
"1"," "
"1","-"
"1"," "
"1","-"
"1"," "
"1","-"
"1"," "
"1","-"
"1"," "
"1","-"
"1"," "
"1","
"
"1","Call:
"
"1","coxph(formula = formula_npt, data = npt_df)
"
"1","
"
"1","                                 "
"1","  coef"
"1"," exp(coef)"
"1"," se(coef)"
"1","     z"
"1","      p"
"1","
Prognostic_Score_ALAN_category1-2"
"1"," 0.933"
"1","     2.542"
"1","    0.873"
"1"," 1.069"
"1"," 0.2852"
"1","
Prognostic_Score_ALAN_category3-4"
"1"," 2.229"
"1","     9.290"
"1","    1.011"
"1"," 2.205"
"1"," 0.0274"
"1","
"
"1","
"
"1","Likelihood ratio test="
"1",""
"1","5.09"
"1",""
"1","  on "
"1",""
"1","2"
"1",""
"1"," df,"
"1",""
"1"," p="
"1",""
"1","0.0786"
"1",""
"1","
"
"1","n="
"1"," "
"1","19"
"1",", number of events="
"1"," "
"1","9"
"1"," "
"1","
"
"1","P-value:"
"1"," "
"1","0.285"
"1"," "
"1","0.0274"
"1"," "
"1","
"
"1","Hazard Ratio:"
"1"," "
"1","2.542147"
"1"," "
"1","9.290483"
"1"," "
"1","
"
"0","# Convert lists to data frames for NPT"
"0","cox_p_values_df_npt <- as.data.frame(do.call(rbind, cox_p_values_list_npt), stringsAsFactors = FALSE)"
"2","Warning: number of columns of result is not a multiple of vector length (arg 1)"
"0","colnames(cox_p_values_df_npt) <- c(""column_names"", ""cutoff"", ""cox_p_value"")"
"0","cox_p_values_df_npt$cutoff <- as.numeric(cox_p_values_df_npt$cutoff)"
"0","cox_p_values_df_npt$cox_p_value <- as.numeric(cox_p_values_df_npt$cox_p_value)"
"0",""
"0","cox_hazard_ratios_df_npt <- as.data.frame(do.call(rbind, cox_hazard_ratios_list_npt), stringsAsFactors = FALSE)"
"2","Warning: number of columns of result is not a multiple of vector length (arg 1)"
"0","colnames(cox_hazard_ratios_df_npt) <- c(""column_names"", ""cutoff"", ""cox_hazard_ratio"")"
"0","cox_hazard_ratios_df_npt$cutoff <- as.numeric(cox_hazard_ratios_df_npt$cutoff)"
"0","cox_hazard_ratios_df_npt$cox_hazard_ratio <- as.numeric(cox_hazard_ratios_df_npt$cox_hazard_ratio)"
"0",""
"0","# Merge the two data frames for NPT"
"0","coxph_df_npt <- merge(cox_p_values_df_npt, cox_hazard_ratios_df_npt, by = c(""column_names"", ""cutoff""), sort = FALSE)"
"0",""
"0","# Select only the relevant columns"
"0","coxph_df_npt <- coxph_df_npt[, c(""column_names"", ""cutoff"", ""cox_p_value"", ""cox_hazard_ratio"")]"
"0",""
"0","# Print the combined data frame for NPT using kable"
"0","kable(coxph_df_npt, caption = ""Cox Proportional Hazards Results for NPT- Cholangiocarcinoma"")"
